symbol,company_name,sector,industry,transaction_type,Unit,country,region,sub-region,year,month,day,quarter
BAP,Credicorp Ltd.,Financial Services,Banks - Regional,BUY,1605.0,Peru,Americas,Latin America and the Caribbean,2024,1,11,1
BAP,Credicorp Ltd.,Financial Services,Banks - Regional,SELL,1605.0,Peru,Americas,Latin America and the Caribbean,2024,1,24,1
BAP,Credicorp Ltd.,Financial Services,Banks - Regional,SELL,914.0,Peru,Americas,Latin America and the Caribbean,2024,1,10,1
ACGL,Arch Capital Group Ltd.,Financial Services,Insurance - Diversified,BUY,646.0,Bermuda,Americas,Northern America,2024,1,16,1
ALVO,Alvotech,Healthcare,Drug Manufacturers - Specialty & Generic,SELL,646.0,Luxembourg,Europe,Western Europe,2024,1,16,1
ACGL,Arch Capital Group Ltd.,Financial Services,Insurance - Diversified,BUY,519.0,Bermuda,Americas,Northern America,2024,1,30,1
ALVO,Alvotech,Healthcare,Drug Manufacturers - Specialty & Generic,SELL,519.0,Luxembourg,Europe,Western Europe,2024,1,31,1
ACGL,Arch Capital Group Ltd.,Financial Services,Insurance - Diversified,BUY,515.0,Bermuda,Americas,Northern America,2024,1,31,1
ALVO,Alvotech,Healthcare,Drug Manufacturers - Specialty & Generic,SELL,515.0,Luxembourg,Europe,Western Europe,2024,2,5,1
ACGL,Arch Capital Group Ltd.,Financial Services,Insurance - Diversified,BUY,320.0,Bermuda,Americas,Northern America,2024,1,11,1
ALVO,Alvotech,Healthcare,Drug Manufacturers - Specialty & Generic,SELL,320.0,Luxembourg,Europe,Western Europe,2024,1,15,1
PSFE,Paysafe Limited,Technology,Software - Infrastructure,BUY,309.0,United Kingdom of Great Britain and Northern Ireland,Europe,Northern Europe,2024,3,25,1
PSFE,Paysafe Limited,Technology,Software - Infrastructure,SELL,309.0,United Kingdom of Great Britain and Northern Ireland,Europe,Northern Europe,2024,4,10,2
PSFE,Paysafe Limited,Technology,Software - Infrastructure,BUY,303.0,United Kingdom of Great Britain and Northern Ireland,Europe,Northern Europe,2024,3,25,1
PSFE,Paysafe Limited,Technology,Software - Infrastructure,BUY,303.0,United Kingdom of Great Britain and Northern Ireland,Europe,Northern Europe,2024,4,10,2
PSFE,Paysafe Limited,Technology,Software - Infrastructure,SELL,303.0,United Kingdom of Great Britain and Northern Ireland,Europe,Northern Europe,2024,3,25,1
PSFE,Paysafe Limited,Technology,Software - Infrastructure,SELL,303.0,United Kingdom of Great Britain and Northern Ireland,Europe,Northern Europe,2024,4,22,2
HRTX,"Heron Therapeutics, Inc.",Healthcare,Biotechnology,BUY,287.0,United States of America,Americas,Northern America,2024,9,3,3
HRTX,"Heron Therapeutics, Inc.",Healthcare,Biotechnology,SELL,287.0,United States of America,Americas,Northern America,2024,9,13,3
HRTX,"Heron Therapeutics, Inc.",Healthcare,Biotechnology,BUY,255.0,United States of America,Americas,Northern America,2024,9,23,3
HRTX,"Heron Therapeutics, Inc.",Healthcare,Biotechnology,SELL,255.0,United States of America,Americas,Northern America,2024,10,28,4
PSFE,Paysafe Limited,Technology,Software - Infrastructure,BUY,233.0,United Kingdom of Great Britain and Northern Ireland,Europe,Northern Europe,2024,6,13,2
PSFE,Paysafe Limited,Technology,Software - Infrastructure,SELL,233.0,United Kingdom of Great Britain and Northern Ireland,Europe,Northern Europe,2024,6,19,2
ACGL,Arch Capital Group Ltd.,Financial Services,Insurance - Diversified,BUY,222.0,Bermuda,Americas,Northern America,2024,8,29,3
ACGL,Arch Capital Group Ltd.,Financial Services,Insurance - Diversified,BUY,222.0,Bermuda,Americas,Northern America,2024,8,2,3
ALVO,Alvotech,Healthcare,Drug Manufacturers - Specialty & Generic,SELL,222.0,Luxembourg,Europe,Western Europe,2024,8,29,3
PSFE,Paysafe Limited,Technology,Software - Infrastructure,BUY,221.0,United Kingdom of Great Britain and Northern Ireland,Europe,Northern Europe,2024,5,23,2
PSFE,Paysafe Limited,Technology,Software - Infrastructure,SELL,221.0,United Kingdom of Great Britain and Northern Ireland,Europe,Northern Europe,2024,5,27,2
PSFE,Paysafe Limited,Technology,Software - Infrastructure,BUY,217.0,United Kingdom of Great Britain and Northern Ireland,Europe,Northern Europe,2024,5,29,2
PSFE,Paysafe Limited,Technology,Software - Infrastructure,SELL,217.0,United Kingdom of Great Britain and Northern Ireland,Europe,Northern Europe,2024,7,25,3
ACGL,Arch Capital Group Ltd.,Financial Services,Insurance - Diversified,BUY,215.0,Bermuda,Americas,Northern America,2024,4,30,2
ALVO,Alvotech,Healthcare,Drug Manufacturers - Specialty & Generic,SELL,215.0,Luxembourg,Europe,Western Europe,2024,5,16,2
ACGL,Arch Capital Group Ltd.,Financial Services,Insurance - Diversified,BUY,214.0,Bermuda,Americas,Northern America,2024,6,4,2
ALVO,Alvotech,Healthcare,Drug Manufacturers - Specialty & Generic,SELL,214.0,Luxembourg,Europe,Western Europe,2024,7,3,3
ACGL,Arch Capital Group Ltd.,Financial Services,Insurance - Diversified,BUY,199.0,Bermuda,Americas,Northern America,2024,5,29,2
ALVO,Alvotech,Healthcare,Drug Manufacturers - Specialty & Generic,SELL,199.0,Luxembourg,Europe,Western Europe,2024,7,3,3
ACGL,Arch Capital Group Ltd.,Financial Services,Insurance - Diversified,BUY,198.0,Bermuda,Americas,Northern America,2024,7,24,3
ACGL,Arch Capital Group Ltd.,Financial Services,Insurance - Diversified,BUY,198.0,Bermuda,Americas,Northern America,2024,5,22,2
ALVO,Alvotech,Healthcare,Drug Manufacturers - Specialty & Generic,SELL,198.0,Luxembourg,Europe,Western Europe,2024,11,4,4
ALVO,Alvotech,Healthcare,Drug Manufacturers - Specialty & Generic,SELL,198.0,Luxembourg,Europe,Western Europe,2024,5,28,2
PSFE,Paysafe Limited,Technology,Software - Infrastructure,BUY,195.0,United Kingdom of Great Britain and Northern Ireland,Europe,Northern Europe,2024,5,20,2
PSFE,Paysafe Limited,Technology,Software - Infrastructure,SELL,195.0,United Kingdom of Great Britain and Northern Ireland,Europe,Northern Europe,2024,7,25,3
ACGL,Arch Capital Group Ltd.,Financial Services,Insurance - Diversified,BUY,190.0,Bermuda,Americas,Northern America,2024,12,20,4
HRTX,"Heron Therapeutics, Inc.",Healthcare,Biotechnology,BUY,177.0,United States of America,Americas,Northern America,2024,7,3,3
HRTX,"Heron Therapeutics, Inc.",Healthcare,Biotechnology,SELL,177.0,United States of America,Americas,Northern America,2024,7,8,3
HRTX,"Heron Therapeutics, Inc.",Healthcare,Biotechnology,BUY,155.0,United States of America,Americas,Northern America,2024,6,25,2
HRTX,"Heron Therapeutics, Inc.",Healthcare,Biotechnology,SELL,155.0,United States of America,Americas,Northern America,2024,6,27,2
HRTX,"Heron Therapeutics, Inc.",Healthcare,Biotechnology,BUY,147.0,United States of America,Americas,Northern America,2024,5,28,2
HRTX,"Heron Therapeutics, Inc.",Healthcare,Biotechnology,SELL,147.0,United States of America,Americas,Northern America,2024,6,3,2
HRTX,"Heron Therapeutics, Inc.",Healthcare,Biotechnology,BUY,146.0,United States of America,Americas,Northern America,2024,6,28,2
HRTX,"Heron Therapeutics, Inc.",Healthcare,Biotechnology,SELL,146.0,United States of America,Americas,Northern America,2024,7,17,3
HRTX,"Heron Therapeutics, Inc.",Healthcare,Biotechnology,BUY,144.0,United States of America,Americas,Northern America,2024,6,11,2
HRTX,"Heron Therapeutics, Inc.",Healthcare,Biotechnology,SELL,144.0,United States of America,Americas,Northern America,2024,6,12,2
,,,,BUY,135.0,,,,2024,4,17,2
AMX,"America Movil, S.A.B. de C.V.",Communication Services,Telecom Services,BUY,135.0,Mexico,Americas,Latin America and the Caribbean,2024,1,11,1
,,,,SELL,135.0,,,,2024,4,19,2
AMX,"America Movil, S.A.B. de C.V.",Communication Services,Telecom Services,SELL,135.0,Mexico,Americas,Latin America and the Caribbean,2024,1,15,1
AMX,"America Movil, S.A.B. de C.V.",Communication Services,Telecom Services,BUY,133.0,Mexico,Americas,Latin America and the Caribbean,2024,1,9,1
AMX,"America Movil, S.A.B. de C.V.",Communication Services,Telecom Services,SELL,133.0,Mexico,Americas,Latin America and the Caribbean,2024,1,12,1
HRTX,"Heron Therapeutics, Inc.",Healthcare,Biotechnology,BUY,132.0,United States of America,Americas,Northern America,2024,6,4,2
HRTX,"Heron Therapeutics, Inc.",Healthcare,Biotechnology,SELL,132.0,United States of America,Americas,Northern America,2024,6,5,2
ARDX,"Ardelyx, Inc.",Healthcare,Biotechnology,BUY,107.0,United States of America,Americas,Northern America,2024,11,19,4
ARDX,"Ardelyx, Inc.",Healthcare,Biotechnology,SELL,107.0,United States of America,Americas,Northern America,2024,11,22,4
ACTG,Acacia Research Corporation,Industrials,Business Equipment & Supplies,BUY,101.0,United States of America,Americas,Northern America,2024,6,25,2
ARDX,"Ardelyx, Inc.",Healthcare,Biotechnology,BUY,101.0,United States of America,Americas,Northern America,2024,11,8,4
ACTG,Acacia Research Corporation,Industrials,Business Equipment & Supplies,SELL,101.0,United States of America,Americas,Northern America,2024,7,17,3
ARDX,"Ardelyx, Inc.",Healthcare,Biotechnology,SELL,101.0,United States of America,Americas,Northern America,2024,11,21,4
ARDX,"Ardelyx, Inc.",Healthcare,Biotechnology,BUY,93.0,United States of America,Americas,Northern America,2024,12,9,4
ARDX,"Ardelyx, Inc.",Healthcare,Biotechnology,BUY,91.0,United States of America,Americas,Northern America,2024,11,8,4
ARDX,"Ardelyx, Inc.",Healthcare,Biotechnology,BUY,91.0,United States of America,Americas,Northern America,2024,4,18,2
ARDX,"Ardelyx, Inc.",Healthcare,Biotechnology,SELL,91.0,United States of America,Americas,Northern America,2024,11,8,4
ARDX,"Ardelyx, Inc.",Healthcare,Biotechnology,SELL,91.0,United States of America,Americas,Northern America,2024,4,23,2
ARDX,"Ardelyx, Inc.",Healthcare,Biotechnology,BUY,87.0,United States of America,Americas,Northern America,2024,9,3,3
ARDX,"Ardelyx, Inc.",Healthcare,Biotechnology,SELL,87.0,United States of America,Americas,Northern America,2024,9,13,3
ARDX,"Ardelyx, Inc.",Healthcare,Biotechnology,BUY,84.0,United States of America,Americas,Northern America,2024,9,23,3
ARDX,"Ardelyx, Inc.",Healthcare,Biotechnology,SELL,84.0,United States of America,Americas,Northern America,2024,9,27,3
ARDX,"Ardelyx, Inc.",Healthcare,Biotechnology,BUY,83.0,United States of America,Americas,Northern America,2024,6,18,2
ARDX,"Ardelyx, Inc.",Healthcare,Biotechnology,SELL,83.0,United States of America,Americas,Northern America,2024,6,25,2
ARDX,"Ardelyx, Inc.",Healthcare,Biotechnology,BUY,82.0,United States of America,Americas,Northern America,2024,7,2,3
AMX,"America Movil, S.A.B. de C.V.",Communication Services,Telecom Services,SELL,82.0,Mexico,Americas,Latin America and the Caribbean,2024,1,9,1
ARDX,"Ardelyx, Inc.",Healthcare,Biotechnology,SELL,82.0,United States of America,Americas,Northern America,2024,9,3,3
ARDX,"Ardelyx, Inc.",Healthcare,Biotechnology,BUY,81.0,United States of America,Americas,Northern America,2024,2,15,1
ARDX,"Ardelyx, Inc.",Healthcare,Biotechnology,SELL,81.0,United States of America,Americas,Northern America,2024,2,16,1
BAP,Credicorp Ltd.,Financial Services,Banks - Regional,BUY,80.0,Peru,Americas,Latin America and the Caribbean,2024,6,14,2
BAP,Credicorp Ltd.,Financial Services,Banks - Regional,SELL,80.0,Peru,Americas,Latin America and the Caribbean,2024,6,18,2
BAP,Credicorp Ltd.,Financial Services,Banks - Regional,BUY,75.0,Peru,Americas,Latin America and the Caribbean,2024,6,11,2
BAP,Credicorp Ltd.,Financial Services,Banks - Regional,SELL,75.0,Peru,Americas,Latin America and the Caribbean,2024,6,14,2
LTOUF,Larsen & Toubro Ltd.,Industrials,Engineering & Construction,BUY,74.0,India,Asia,Southern Asia,2024,4,9,2
TEL,TE Connectivity plc,Technology,Electronic Components,SELL,74.0,Ireland,Europe,Northern Europe,2024,4,16,2
LTOUF,Larsen & Toubro Ltd.,Industrials,Engineering & Construction,BUY,73.0,India,Asia,Southern Asia,2024,2,28,1
TEL,TE Connectivity plc,Technology,Electronic Components,SELL,73.0,Ireland,Europe,Northern Europe,2024,3,8,1
LTOUF,Larsen & Toubro Ltd.,Industrials,Engineering & Construction,BUY,71.0,India,Asia,Southern Asia,2024,3,11,1
TEL,TE Connectivity plc,Technology,Electronic Components,SELL,71.0,Ireland,Europe,Northern Europe,2024,4,1,2
,,,,BUY,68.0,,,,2024,4,2,2
,,,,SELL,68.0,,,,2024,4,12,2
ASC,Ardmore Shipping Corporation,Industrials,Marine Shipping,BUY,67.0,Bermuda,Americas,Northern America,2024,4,12,2
,,,,SELL,67.0,,,,2024,4,17,2
ARDX,"Ardelyx, Inc.",Healthcare,Biotechnology,BUY,63.0,United States of America,Americas,Northern America,2024,3,11,1
ARDX,"Ardelyx, Inc.",Healthcare,Biotechnology,SELL,63.0,United States of America,Americas,Northern America,2024,3,11,1
PAGS,PagSeguro Digital Ltd.,Technology,Software - Infrastructure,BUY,62.0,Brazil,Americas,Latin America and the Caribbean,2024,4,16,2
ARDX,"Ardelyx, Inc.",Healthcare,Biotechnology,BUY,62.0,United States of America,Americas,Northern America,2024,3,15,1
PAGS,PagSeguro Digital Ltd.,Technology,Software - Infrastructure,SELL,62.0,Brazil,Americas,Latin America and the Caribbean,2024,4,29,2
ARDX,"Ardelyx, Inc.",Healthcare,Biotechnology,SELL,62.0,United States of America,Americas,Northern America,2024,3,15,1
ARDX,"Ardelyx, Inc.",Healthcare,Biotechnology,BUY,61.0,United States of America,Americas,Northern America,2024,3,14,1
ARDX,"Ardelyx, Inc.",Healthcare,Biotechnology,SELL,61.0,United States of America,Americas,Northern America,2024,4,18,2
IMMR,Immersion Corporation,Technology,Software - Application,BUY,60.0,United States of America,Americas,Northern America,2024,10,10,4
TRN,"Trinity Industries, Inc.",Industrials,Railroads,BUY,60.0,United States of America,Americas,Northern America,2024,1,11,1
PAGS,PagSeguro Digital Ltd.,Technology,Software - Infrastructure,BUY,60.0,Brazil,Americas,Latin America and the Caribbean,2024,4,15,2
IMMR,Immersion Corporation,Technology,Software - Application,SELL,60.0,United States of America,Americas,Northern America,2024,10,14,4
TRN,"Trinity Industries, Inc.",Industrials,Railroads,SELL,60.0,United States of America,Americas,Northern America,2024,1,16,1
PAGS,PagSeguro Digital Ltd.,Technology,Software - Infrastructure,SELL,60.0,Brazil,Americas,Latin America and the Caribbean,2024,4,16,2
PAGS,PagSeguro Digital Ltd.,Technology,Software - Infrastructure,BUY,58.0,Brazil,Americas,Latin America and the Caribbean,2024,4,10,2
DESP,"Despegar.com, Corp.",Consumer Cyclical,Travel Services,BUY,58.0,Virgin Islands (British),Americas,Latin America and the Caribbean,2024,8,16,3
ARDX,"Ardelyx, Inc.",Healthcare,Biotechnology,BUY,58.0,United States of America,Americas,Northern America,2024,2,22,1
IMMR,Immersion Corporation,Technology,Software - Application,BUY,58.0,United States of America,Americas,Northern America,2024,11,12,4
ARDX,"Ardelyx, Inc.",Healthcare,Biotechnology,BUY,58.0,United States of America,Americas,Northern America,2024,2,20,1
PAGS,PagSeguro Digital Ltd.,Technology,Software - Infrastructure,SELL,58.0,Brazil,Americas,Latin America and the Caribbean,2024,4,15,2
DESP,"Despegar.com, Corp.",Consumer Cyclical,Travel Services,SELL,58.0,Virgin Islands (British),Americas,Latin America and the Caribbean,2024,9,6,3
ARDX,"Ardelyx, Inc.",Healthcare,Biotechnology,SELL,58.0,United States of America,Americas,Northern America,2024,2,23,1
IMMR,Immersion Corporation,Technology,Software - Application,SELL,58.0,United States of America,Americas,Northern America,2024,11,20,4
ARDX,"Ardelyx, Inc.",Healthcare,Biotechnology,SELL,58.0,United States of America,Americas,Northern America,2024,2,22,1
ARDX,"Ardelyx, Inc.",Healthcare,Biotechnology,BUY,56.0,United States of America,Americas,Northern America,2024,2,20,1
ARDX,"Ardelyx, Inc.",Healthcare,Biotechnology,BUY,56.0,United States of America,Americas,Northern America,2024,2,23,1
PAGS,PagSeguro Digital Ltd.,Technology,Software - Infrastructure,BUY,56.0,Brazil,Americas,Latin America and the Caribbean,2024,4,10,2
ARDX,"Ardelyx, Inc.",Healthcare,Biotechnology,BUY,56.0,United States of America,Americas,Northern America,2024,2,13,1
ARDX,"Ardelyx, Inc.",Healthcare,Biotechnology,SELL,56.0,United States of America,Americas,Northern America,2024,2,20,1
ARDX,"Ardelyx, Inc.",Healthcare,Biotechnology,SELL,56.0,United States of America,Americas,Northern America,2024,2,23,1
PAGS,PagSeguro Digital Ltd.,Technology,Software - Infrastructure,SELL,56.0,Brazil,Americas,Latin America and the Caribbean,2024,4,10,2
ARDX,"Ardelyx, Inc.",Healthcare,Biotechnology,SELL,56.0,United States of America,Americas,Northern America,2024,2,14,1
ARDX,"Ardelyx, Inc.",Healthcare,Biotechnology,BUY,55.0,United States of America,Americas,Northern America,2024,2,16,1
ARDX,"Ardelyx, Inc.",Healthcare,Biotechnology,BUY,55.0,United States of America,Americas,Northern America,2024,2,14,1
PAGS,PagSeguro Digital Ltd.,Technology,Software - Infrastructure,BUY,55.0,Brazil,Americas,Latin America and the Caribbean,2024,4,5,2
ARDX,"Ardelyx, Inc.",Healthcare,Biotechnology,SELL,55.0,United States of America,Americas,Northern America,2024,2,20,1
ARDX,"Ardelyx, Inc.",Healthcare,Biotechnology,SELL,55.0,United States of America,Americas,Northern America,2024,2,14,1
PAGS,PagSeguro Digital Ltd.,Technology,Software - Infrastructure,SELL,55.0,Brazil,Americas,Latin America and the Caribbean,2024,4,10,2
PAGS,PagSeguro Digital Ltd.,Technology,Software - Infrastructure,BUY,54.0,Brazil,Americas,Latin America and the Caribbean,2024,4,2,2
PAGS,PagSeguro Digital Ltd.,Technology,Software - Infrastructure,SELL,54.0,Brazil,Americas,Latin America and the Caribbean,2024,4,4,2
STNE,StoneCo Ltd.,Technology,Software - Infrastructure,BUY,53.0,Cayman Islands,Americas,Latin America and the Caribbean,2024,11,19,4
STNE,StoneCo Ltd.,Technology,Software - Infrastructure,SELL,53.0,Cayman Islands,Americas,Latin America and the Caribbean,2024,11,22,4
PAGS,PagSeguro Digital Ltd.,Technology,Software - Infrastructure,BUY,52.0,Brazil,Americas,Latin America and the Caribbean,2024,3,26,1
ARDX,"Ardelyx, Inc.",Healthcare,Biotechnology,BUY,52.0,United States of America,Americas,Northern America,2024,3,6,1
STNE,StoneCo Ltd.,Technology,Software - Infrastructure,BUY,52.0,Cayman Islands,Americas,Latin America and the Caribbean,2024,11,29,4
PAGS,PagSeguro Digital Ltd.,Technology,Software - Infrastructure,SELL,52.0,Brazil,Americas,Latin America and the Caribbean,2024,3,26,1
ARDX,"Ardelyx, Inc.",Healthcare,Biotechnology,SELL,52.0,United States of America,Americas,Northern America,2024,3,11,1
LTOUF,Larsen & Toubro Ltd.,Industrials,Engineering & Construction,BUY,51.0,India,Asia,Southern Asia,2024,4,16,2
TEL,TE Connectivity plc,Technology,Electronic Components,SELL,51.0,Ireland,Europe,Northern Europe,2024,4,19,2
LTOUF,Larsen & Toubro Ltd.,Industrials,Engineering & Construction,BUY,50.0,India,Asia,Southern Asia,2024,6,24,2
LTOUF,Larsen & Toubro Ltd.,Industrials,Engineering & Construction,BUY,50.0,India,Asia,Southern Asia,2024,4,1,2
LTOUF,Larsen & Toubro Ltd.,Industrials,Engineering & Construction,BUY,50.0,India,Asia,Southern Asia,2024,8,2,3
TEL,TE Connectivity plc,Technology,Electronic Components,SELL,50.0,Ireland,Europe,Northern Europe,2024,7,3,3
TEL,TE Connectivity plc,Technology,Electronic Components,SELL,50.0,Ireland,Europe,Northern Europe,2024,4,4,2
TEL,TE Connectivity plc,Technology,Electronic Components,SELL,50.0,Ireland,Europe,Northern Europe,2024,8,27,3
LTOUF,Larsen & Toubro Ltd.,Industrials,Engineering & Construction,BUY,49.0,India,Asia,Southern Asia,2024,9,25,3
TEL,TE Connectivity plc,Technology,Electronic Components,SELL,49.0,Ireland,Europe,Northern Europe,2024,10,9,4
ASC,Ardmore Shipping Corporation,Industrials,Marine Shipping,BUY,48.0,Bermuda,Americas,Northern America,2024,3,5,1
LTOUF,Larsen & Toubro Ltd.,Industrials,Engineering & Construction,BUY,48.0,India,Asia,Southern Asia,2024,10,24,4
,,,,SELL,48.0,,,,2024,3,6,1
TEL,TE Connectivity plc,Technology,Electronic Components,SELL,48.0,Ireland,Europe,Northern Europe,2024,11,20,4
ASC,Ardmore Shipping Corporation,Industrials,Marine Shipping,BUY,47.0,Bermuda,Americas,Northern America,2024,3,11,1
ASC,Ardmore Shipping Corporation,Industrials,Marine Shipping,BUY,47.0,Bermuda,Americas,Northern America,2024,2,13,1
,,,,SELL,47.0,,,,2024,4,1,2
,,,,SELL,47.0,,,,2024,2,20,1
LTOUF,Larsen & Toubro Ltd.,Industrials,Engineering & Construction,BUY,46.0,India,Asia,Southern Asia,2024,10,16,4
ASC,Ardmore Shipping Corporation,Industrials,Marine Shipping,BUY,46.0,Bermuda,Americas,Northern America,2024,2,20,1
ASC,Ardmore Shipping Corporation,Industrials,Marine Shipping,BUY,46.0,Bermuda,Americas,Northern America,2024,2,21,1
IMMR,Immersion Corporation,Technology,Software - Application,BUY,46.0,United States of America,Americas,Northern America,2024,8,16,3
TEL,TE Connectivity plc,Technology,Electronic Components,SELL,46.0,Ireland,Europe,Northern Europe,2024,10,23,4
,,,,SELL,46.0,,,,2024,2,21,1
,,,,SELL,46.0,,,,2024,3,1,1
ASC,Ardmore Shipping Corporation,Industrials,Marine Shipping,BUY,45.0,Bermuda,Americas,Northern America,2024,4,25,2
ASC,Ardmore Shipping Corporation,Industrials,Marine Shipping,BUY,45.0,Bermuda,Americas,Northern America,2024,10,8,4
ASC,Ardmore Shipping Corporation,Industrials,Marine Shipping,BUY,45.0,Bermuda,Americas,Northern America,2024,4,30,2
STNE,StoneCo Ltd.,Technology,Software - Infrastructure,BUY,45.0,Cayman Islands,Americas,Latin America and the Caribbean,2024,11,13,4
TIMB,TIM S.A.,Communication Services,Telecom Services,BUY,45.0,Brazil,Americas,Latin America and the Caribbean,2024,1,9,1
STNE,StoneCo Ltd.,Technology,Software - Infrastructure,BUY,45.0,Cayman Islands,Americas,Latin America and the Caribbean,2024,10,10,4
,,,,SELL,45.0,,,,2024,4,29,2
,,,,SELL,45.0,,,,2024,10,18,4
,,,,SELL,45.0,,,,2024,8,8,3
STNE,StoneCo Ltd.,Technology,Software - Infrastructure,SELL,45.0,Cayman Islands,Americas,Latin America and the Caribbean,2024,11,13,4
TIMB,TIM S.A.,Communication Services,Telecom Services,SELL,45.0,Brazil,Americas,Latin America and the Caribbean,2024,1,10,1
STNE,StoneCo Ltd.,Technology,Software - Infrastructure,SELL,45.0,Cayman Islands,Americas,Latin America and the Caribbean,2024,10,28,4
LTOUF,Larsen & Toubro Ltd.,Industrials,Engineering & Construction,BUY,44.0,India,Asia,Southern Asia,2024,7,8,3
TIMB,TIM S.A.,Communication Services,Telecom Services,BUY,44.0,Brazil,Americas,Latin America and the Caribbean,2024,1,11,1
TEL,TE Connectivity plc,Technology,Electronic Components,SELL,44.0,Ireland,Europe,Northern Europe,2024,8,1,3
TIMB,TIM S.A.,Communication Services,Telecom Services,SELL,44.0,Brazil,Americas,Latin America and the Caribbean,2024,1,11,1
ACN,Accenture plc,Technology,Information Technology Services,BUY,43.0,Ireland,Europe,Northern Europe,2024,2,13,1
RYAAY,Ryanair Holdings plc,Industrials,Airlines,BUY,43.0,Ireland,Europe,Northern Europe,2024,3,14,1
LTOUF,Larsen & Toubro Ltd.,Industrials,Engineering & Construction,BUY,43.0,India,Asia,Southern Asia,2024,12,20,4
RYAAY,Ryanair Holdings plc,Industrials,Airlines,SELL,43.0,Ireland,Europe,Northern Europe,2024,2,14,1
ESTC,Elastic N.V.,Technology,Software - Application,SELL,43.0,"Netherlands, Kingdom of the",Europe,Western Europe,2024,5,30,2
TIMB,TIM S.A.,Communication Services,Telecom Services,BUY,42.0,Brazil,Americas,Latin America and the Caribbean,2024,1,10,1
TIMB,TIM S.A.,Communication Services,Telecom Services,SELL,42.0,Brazil,Americas,Latin America and the Caribbean,2024,1,10,1
DESP,"Despegar.com, Corp.",Consumer Cyclical,Travel Services,BUY,41.0,Virgin Islands (British),Americas,Latin America and the Caribbean,2024,7,25,3
LTOUF,Larsen & Toubro Ltd.,Industrials,Engineering & Construction,BUY,41.0,India,Asia,Southern Asia,2024,12,5,4
DESP,"Despegar.com, Corp.",Consumer Cyclical,Travel Services,SELL,41.0,Virgin Islands (British),Americas,Latin America and the Caribbean,2024,8,16,3
TEL,TE Connectivity plc,Technology,Electronic Components,SELL,41.0,Ireland,Europe,Northern Europe,2024,12,17,4
RYAAY,Ryanair Holdings plc,Industrials,Airlines,BUY,39.0,Ireland,Europe,Northern Europe,2024,2,21,1
PAGS,PagSeguro Digital Ltd.,Technology,Software - Infrastructure,BUY,39.0,Brazil,Americas,Latin America and the Caribbean,2024,8,21,3
DESP,"Despegar.com, Corp.",Consumer Cyclical,Travel Services,BUY,39.0,Virgin Islands (British),Americas,Latin America and the Caribbean,2024,5,8,2
STNE,StoneCo Ltd.,Technology,Software - Infrastructure,BUY,39.0,Cayman Islands,Americas,Latin America and the Caribbean,2024,6,13,2
DESP,"Despegar.com, Corp.",Consumer Cyclical,Travel Services,BUY,39.0,Virgin Islands (British),Americas,Latin America and the Caribbean,2024,6,26,2
ESTC,Elastic N.V.,Technology,Software - Application,SELL,39.0,"Netherlands, Kingdom of the",Europe,Western Europe,2024,2,22,1
PAGS,PagSeguro Digital Ltd.,Technology,Software - Infrastructure,SELL,39.0,Brazil,Americas,Latin America and the Caribbean,2024,8,22,3
DESP,"Despegar.com, Corp.",Consumer Cyclical,Travel Services,SELL,39.0,Virgin Islands (British),Americas,Latin America and the Caribbean,2024,5,20,2
STNE,StoneCo Ltd.,Technology,Software - Infrastructure,SELL,39.0,Cayman Islands,Americas,Latin America and the Caribbean,2024,7,9,3
DESP,"Despegar.com, Corp.",Consumer Cyclical,Travel Services,SELL,39.0,Virgin Islands (British),Americas,Latin America and the Caribbean,2024,6,27,2
RYAAY,Ryanair Holdings plc,Industrials,Airlines,BUY,38.0,Ireland,Europe,Northern Europe,2024,3,5,1
ESTC,Elastic N.V.,Technology,Software - Application,SELL,38.0,"Netherlands, Kingdom of the",Europe,Western Europe,2024,3,5,1
IMMR,Immersion Corporation,Technology,Software - Application,BUY,37.0,United States of America,Americas,Northern America,2024,7,24,3
RYAAY,Ryanair Holdings plc,Industrials,Airlines,BUY,37.0,Ireland,Europe,Northern Europe,2024,3,5,1
RYAAY,Ryanair Holdings plc,Industrials,Airlines,BUY,37.0,Ireland,Europe,Northern Europe,2024,2,1,1
RYAAY,Ryanair Holdings plc,Industrials,Airlines,BUY,37.0,Ireland,Europe,Northern Europe,2024,2,21,1
RYAAY,Ryanair Holdings plc,Industrials,Airlines,BUY,37.0,Ireland,Europe,Northern Europe,2024,2,22,1
IMMR,Immersion Corporation,Technology,Software - Application,SELL,37.0,United States of America,Americas,Northern America,2024,8,16,3
ESTC,Elastic N.V.,Technology,Software - Application,SELL,37.0,"Netherlands, Kingdom of the",Europe,Western Europe,2024,3,6,1
ESTC,Elastic N.V.,Technology,Software - Application,SELL,37.0,"Netherlands, Kingdom of the",Europe,Western Europe,2024,2,2,1
ESTC,Elastic N.V.,Technology,Software - Application,SELL,37.0,"Netherlands, Kingdom of the",Europe,Western Europe,2024,2,21,1
ESTC,Elastic N.V.,Technology,Software - Application,SELL,37.0,"Netherlands, Kingdom of the",Europe,Western Europe,2024,2,26,1
RYAAY,Ryanair Holdings plc,Industrials,Airlines,BUY,36.0,Ireland,Europe,Northern Europe,2024,3,1,1
DESP,"Despegar.com, Corp.",Consumer Cyclical,Travel Services,BUY,36.0,Virgin Islands (British),Americas,Latin America and the Caribbean,2024,6,14,2
ESTC,Elastic N.V.,Technology,Software - Application,SELL,36.0,"Netherlands, Kingdom of the",Europe,Western Europe,2024,3,5,1
DESP,"Despegar.com, Corp.",Consumer Cyclical,Travel Services,SELL,36.0,Virgin Islands (British),Americas,Latin America and the Caribbean,2024,7,17,3
RYAAY,Ryanair Holdings plc,Industrials,Airlines,BUY,35.0,Ireland,Europe,Northern Europe,2024,2,8,1
STNE,StoneCo Ltd.,Technology,Software - Infrastructure,BUY,35.0,Cayman Islands,Americas,Latin America and the Caribbean,2024,5,28,2
RYAAY,Ryanair Holdings plc,Industrials,Airlines,BUY,35.0,Ireland,Europe,Northern Europe,2024,2,13,1
TIMB,TIM S.A.,Communication Services,Telecom Services,BUY,35.0,Brazil,Americas,Latin America and the Caribbean,2024,2,6,1
PAGS,PagSeguro Digital Ltd.,Technology,Software - Infrastructure,BUY,35.0,Brazil,Americas,Latin America and the Caribbean,2024,3,18,1
PAGS,PagSeguro Digital Ltd.,Technology,Software - Infrastructure,BUY,35.0,Brazil,Americas,Latin America and the Caribbean,2024,3,20,1
ESTC,Elastic N.V.,Technology,Software - Application,SELL,35.0,"Netherlands, Kingdom of the",Europe,Western Europe,2024,2,9,1
STNE,StoneCo Ltd.,Technology,Software - Infrastructure,SELL,35.0,Cayman Islands,Americas,Latin America and the Caribbean,2024,12,10,4
ESTC,Elastic N.V.,Technology,Software - Application,SELL,35.0,"Netherlands, Kingdom of the",Europe,Western Europe,2024,2,13,1
TIMB,TIM S.A.,Communication Services,Telecom Services,SELL,35.0,Brazil,Americas,Latin America and the Caribbean,2024,2,6,1
PAGS,PagSeguro Digital Ltd.,Technology,Software - Infrastructure,SELL,35.0,Brazil,Americas,Latin America and the Caribbean,2024,3,19,1
PAGS,PagSeguro Digital Ltd.,Technology,Software - Infrastructure,SELL,35.0,Brazil,Americas,Latin America and the Caribbean,2024,3,22,1
DESP,"Despegar.com, Corp.",Consumer Cyclical,Travel Services,BUY,34.0,Virgin Islands (British),Americas,Latin America and the Caribbean,2024,5,23,2
STNE,StoneCo Ltd.,Technology,Software - Infrastructure,BUY,34.0,Cayman Islands,Americas,Latin America and the Caribbean,2024,5,17,2
TIMB,TIM S.A.,Communication Services,Telecom Services,BUY,34.0,Brazil,Americas,Latin America and the Caribbean,2024,2,8,1
TIMB,TIM S.A.,Communication Services,Telecom Services,BUY,34.0,Brazil,Americas,Latin America and the Caribbean,2024,2,6,1
DESP,"Despegar.com, Corp.",Consumer Cyclical,Travel Services,SELL,34.0,Virgin Islands (British),Americas,Latin America and the Caribbean,2024,5,28,2
STNE,StoneCo Ltd.,Technology,Software - Infrastructure,SELL,34.0,Cayman Islands,Americas,Latin America and the Caribbean,2024,5,22,2
TIMB,TIM S.A.,Communication Services,Telecom Services,SELL,34.0,Brazil,Americas,Latin America and the Caribbean,2024,2,8,1
TIMB,TIM S.A.,Communication Services,Telecom Services,SELL,34.0,Brazil,Americas,Latin America and the Caribbean,2024,2,6,1
STNE,StoneCo Ltd.,Technology,Software - Infrastructure,BUY,33.0,Cayman Islands,Americas,Latin America and the Caribbean,2024,5,15,2
TIMB,TIM S.A.,Communication Services,Telecom Services,BUY,33.0,Brazil,Americas,Latin America and the Caribbean,2024,2,9,1
ARDX,"Ardelyx, Inc.",Healthcare,Biotechnology,BUY,33.0,United States of America,Americas,Northern America,2024,3,26,1
RYAAY,Ryanair Holdings plc,Industrials,Airlines,BUY,33.0,Ireland,Europe,Northern Europe,2024,2,16,1
STNE,StoneCo Ltd.,Technology,Software - Infrastructure,SELL,33.0,Cayman Islands,Americas,Latin America and the Caribbean,2024,7,2,3
TIMB,TIM S.A.,Communication Services,Telecom Services,SELL,33.0,Brazil,Americas,Latin America and the Caribbean,2024,2,9,1
ARDX,"Ardelyx, Inc.",Healthcare,Biotechnology,SELL,33.0,United States of America,Americas,Northern America,2024,4,17,2
PHVS,Pharvaris N.V.,Healthcare,Biotechnology,SELL,33.0,"Netherlands, Kingdom of the",Europe,Western Europe,2024,2,21,1
DESP,"Despegar.com, Corp.",Consumer Cyclical,Travel Services,BUY,32.0,Virgin Islands (British),Americas,Latin America and the Caribbean,2024,5,28,2
DESP,"Despegar.com, Corp.",Consumer Cyclical,Travel Services,SELL,32.0,Virgin Islands (British),Americas,Latin America and the Caribbean,2024,7,25,3
TIMB,TIM S.A.,Communication Services,Telecom Services,BUY,31.0,Brazil,Americas,Latin America and the Caribbean,2024,2,1,1
TIMB,TIM S.A.,Communication Services,Telecom Services,SELL,31.0,Brazil,Americas,Latin America and the Caribbean,2024,2,5,1
MDT,Medtronic plc.,Healthcare,Medical Devices,BUY,30.0,Ireland,Europe,Northern Europe,2024,4,16,2
ASC,Ardmore Shipping Corporation,Industrials,Marine Shipping,BUY,30.0,Bermuda,Americas,Northern America,2024,2,13,1
RYAAY,Ryanair Holdings plc,Industrials,Airlines,BUY,30.0,Ireland,Europe,Northern Europe,2024,3,14,1
BVN,Buenaventura Mining Company Inc,Basic Materials,Other Precious Metals & Mining,BUY,30.0,Peru,Americas,Latin America and the Caribbean,2024,5,20,2
ETN,"Eaton Corporation, PLC",Industrials,Specialty Industrial Machinery,SELL,30.0,Ireland,Europe,Northern Europe,2024,4,19,2
ASC,Ardmore Shipping Corporation,Industrials,Marine Shipping,SELL,30.0,Bermuda,Americas,Northern America,2024,2,15,1
PHVS,Pharvaris N.V.,Healthcare,Biotechnology,SELL,30.0,"Netherlands, Kingdom of the",Europe,Western Europe,2024,3,14,1
BVN,Buenaventura Mining Company Inc,Basic Materials,Other Precious Metals & Mining,SELL,30.0,Peru,Americas,Latin America and the Caribbean,2024,6,4,2
RIG,Transocean Ltd (Switzerland),Energy,Oil & Gas Drilling,BUY,29.0,Switzerland,Europe,Western Europe,2024,2,16,1
TIMB,TIM S.A.,Communication Services,Telecom Services,BUY,29.0,Brazil,Americas,Latin America and the Caribbean,2024,2,5,1
RIG,Transocean Ltd (Switzerland),Energy,Oil & Gas Drilling,SELL,29.0,Switzerland,Europe,Western Europe,2024,2,26,1
TIMB,TIM S.A.,Communication Services,Telecom Services,SELL,29.0,Brazil,Americas,Latin America and the Caribbean,2024,2,5,1
OSCR,"Oscar Health, Inc.",Healthcare,Healthcare Plans,BUY,28.0,United States of America,Americas,Northern America,2024,6,25,2
STNE,StoneCo Ltd.,Technology,Software - Infrastructure,BUY,28.0,Cayman Islands,Americas,Latin America and the Caribbean,2024,3,18,1
MDT,Medtronic plc.,Healthcare,Medical Devices,BUY,28.0,Ireland,Europe,Northern Europe,2024,4,30,2
OSCR,"Oscar Health, Inc.",Healthcare,Healthcare Plans,SELL,28.0,United States of America,Americas,Northern America,2024,8,8,3
STNE,StoneCo Ltd.,Technology,Software - Infrastructure,SELL,28.0,Cayman Islands,Americas,Latin America and the Caribbean,2024,5,17,2
BRFS,BRF S.A.,Consumer Defensive,Packaged Foods,BUY,27.0,Brazil,Americas,Latin America and the Caribbean,2024,12,19,4
TIMB,TIM S.A.,Communication Services,Telecom Services,BUY,27.0,Brazil,Americas,Latin America and the Caribbean,2024,3,22,1
RYAAY,Ryanair Holdings plc,Industrials,Airlines,BUY,27.0,Ireland,Europe,Northern Europe,2024,1,30,1
RYAAY,Ryanair Holdings plc,Industrials,Airlines,BUY,27.0,Ireland,Europe,Northern Europe,2024,2,26,1
APP,Applovin Corporation,Technology,Software - Application,BUY,27.0,United States of America,Americas,Northern America,2024,2,13,1
RYAAY,Ryanair Holdings plc,Industrials,Airlines,BUY,27.0,Ireland,Europe,Northern Europe,2024,3,7,1
BRFS,BRF S.A.,Consumer Defensive,Packaged Foods,SELL,27.0,Brazil,Americas,Latin America and the Caribbean,2024,12,30,4
TIMB,TIM S.A.,Communication Services,Telecom Services,SELL,27.0,Brazil,Americas,Latin America and the Caribbean,2024,4,1,2
PHVS,Pharvaris N.V.,Healthcare,Biotechnology,SELL,27.0,"Netherlands, Kingdom of the",Europe,Western Europe,2024,2,1,1
PHVS,Pharvaris N.V.,Healthcare,Biotechnology,SELL,27.0,"Netherlands, Kingdom of the",Europe,Western Europe,2024,2,27,1
PHVS,Pharvaris N.V.,Healthcare,Biotechnology,SELL,27.0,"Netherlands, Kingdom of the",Europe,Western Europe,2024,3,8,1
ACN,Accenture plc,Technology,Information Technology Services,BUY,26.0,Ireland,Europe,Northern Europe,2024,2,28,1
RYAAY,Ryanair Holdings plc,Industrials,Airlines,BUY,26.0,Ireland,Europe,Northern Europe,2024,3,13,1
PHVS,Pharvaris N.V.,Healthcare,Biotechnology,SELL,26.0,"Netherlands, Kingdom of the",Europe,Western Europe,2024,3,1,1
PHVS,Pharvaris N.V.,Healthcare,Biotechnology,SELL,26.0,"Netherlands, Kingdom of the",Europe,Western Europe,2024,3,14,1
LTOUF,Larsen & Toubro Ltd.,Industrials,Engineering & Construction,BUY,25.0,India,Asia,Southern Asia,2024,4,1,2
ACN,Accenture plc,Technology,Information Technology Services,BUY,25.0,Ireland,Europe,Northern Europe,2024,2,9,1
INTC,Intel Corporation,Technology,Semiconductors,BUY,25.0,United States of America,Americas,Northern America,2024,8,5,3
BRFS,BRF S.A.,Consumer Defensive,Packaged Foods,BUY,25.0,Brazil,Americas,Latin America and the Caribbean,2024,8,7,3
TEL,TE Connectivity plc,Technology,Electronic Components,SELL,25.0,Ireland,Europe,Northern Europe,2024,4,4,2
PHVS,Pharvaris N.V.,Healthcare,Biotechnology,SELL,25.0,"Netherlands, Kingdom of the",Europe,Western Europe,2024,2,13,1
INTC,Intel Corporation,Technology,Semiconductors,SELL,25.0,United States of America,Americas,Northern America,2024,8,22,3
BRFS,BRF S.A.,Consumer Defensive,Packaged Foods,SELL,25.0,Brazil,Americas,Latin America and the Caribbean,2024,8,19,3
ACN,Accenture plc,Technology,Information Technology Services,BUY,24.0,Ireland,Europe,Northern Europe,2024,4,19,2
ASC,Ardmore Shipping Corporation,Industrials,Marine Shipping,BUY,24.0,Bermuda,Americas,Northern America,2024,5,2,2
ACN,Accenture plc,Technology,Information Technology Services,BUY,24.0,Ireland,Europe,Northern Europe,2024,5,28,2
APP,Applovin Corporation,Technology,Software - Application,BUY,24.0,United States of America,Americas,Northern America,2024,2,1,1
INTC,Intel Corporation,Technology,Semiconductors,BUY,24.0,United States of America,Americas,Northern America,2024,8,2,3
BRFS,BRF S.A.,Consumer Defensive,Packaged Foods,BUY,24.0,Brazil,Americas,Latin America and the Caribbean,2024,11,14,4
INTC,Intel Corporation,Technology,Semiconductors,BUY,24.0,United States of America,Americas,Northern America,2024,9,3,3
TIMB,TIM S.A.,Communication Services,Telecom Services,BUY,24.0,Brazil,Americas,Latin America and the Caribbean,2024,1,5,1
ACN,Accenture plc,Technology,Information Technology Services,BUY,24.0,Ireland,Europe,Northern Europe,2024,8,2,3
ACN,Accenture plc,Technology,Information Technology Services,BUY,24.0,Ireland,Europe,Northern Europe,2024,2,15,1
RYAAY,Ryanair Holdings plc,Industrials,Airlines,SELL,24.0,Ireland,Europe,Northern Europe,2024,4,25,2
,,,,SELL,24.0,,,,2024,8,8,3
PHVS,Pharvaris N.V.,Healthcare,Biotechnology,SELL,24.0,"Netherlands, Kingdom of the",Europe,Western Europe,2024,7,16,3
APP,Applovin Corporation,Technology,Software - Application,SELL,24.0,United States of America,Americas,Northern America,2024,2,2,1
INTC,Intel Corporation,Technology,Semiconductors,SELL,24.0,United States of America,Americas,Northern America,2024,8,5,3
BRFS,BRF S.A.,Consumer Defensive,Packaged Foods,SELL,24.0,Brazil,Americas,Latin America and the Caribbean,2024,11,19,4
INTC,Intel Corporation,Technology,Semiconductors,SELL,24.0,United States of America,Americas,Northern America,2024,9,4,3
TIMB,TIM S.A.,Communication Services,Telecom Services,SELL,24.0,Brazil,Americas,Latin America and the Caribbean,2024,1,8,1
PHVS,Pharvaris N.V.,Healthcare,Biotechnology,SELL,24.0,"Netherlands, Kingdom of the",Europe,Western Europe,2024,8,7,3
PHVS,Pharvaris N.V.,Healthcare,Biotechnology,SELL,24.0,"Netherlands, Kingdom of the",Europe,Western Europe,2024,2,16,1
TIMB,TIM S.A.,Communication Services,Telecom Services,BUY,23.0,Brazil,Americas,Latin America and the Caribbean,2024,4,12,2
ZK,ZEEKR Intelligent Technology Ho,Consumer Cyclical,Auto Manufacturers,BUY,23.0,China,Asia,Eastern Asia,2024,11,13,4
ZK,ZEEKR Intelligent Technology Ho,Consumer Cyclical,Auto Manufacturers,BUY,23.0,China,Asia,Eastern Asia,2024,11,6,4
ACN,Accenture plc,Technology,Information Technology Services,BUY,23.0,Ireland,Europe,Northern Europe,2024,5,28,2
TIMB,TIM S.A.,Communication Services,Telecom Services,BUY,23.0,Brazil,Americas,Latin America and the Caribbean,2024,4,9,2
TIMB,TIM S.A.,Communication Services,Telecom Services,SELL,23.0,Brazil,Americas,Latin America and the Caribbean,2024,4,17,2
ATHM,Autohome Inc.,Communication Services,Internet Content & Information,SELL,23.0,China,Asia,Eastern Asia,2024,11,13,4
ATHM,Autohome Inc.,Communication Services,Internet Content & Information,SELL,23.0,China,Asia,Eastern Asia,2024,11,7,4
PHVS,Pharvaris N.V.,Healthcare,Biotechnology,SELL,23.0,"Netherlands, Kingdom of the",Europe,Western Europe,2024,7,16,3
TIMB,TIM S.A.,Communication Services,Telecom Services,SELL,23.0,Brazil,Americas,Latin America and the Caribbean,2024,4,9,2
BRFS,BRF S.A.,Consumer Defensive,Packaged Foods,BUY,22.0,Brazil,Americas,Latin America and the Caribbean,2024,12,6,4
TIMB,TIM S.A.,Communication Services,Telecom Services,BUY,22.0,Brazil,Americas,Latin America and the Caribbean,2024,2,16,1
APP,Applovin Corporation,Technology,Software - Application,BUY,22.0,United States of America,Americas,Northern America,2024,1,24,1
TIMB,TIM S.A.,Communication Services,Telecom Services,BUY,22.0,Brazil,Americas,Latin America and the Caribbean,2024,1,24,1
CAE,CAE Inc.,Industrials,Aerospace & Defense,BUY,22.0,Canada,Americas,Northern America,2024,1,4,1
APP,Applovin Corporation,Technology,Software - Application,BUY,22.0,United States of America,Americas,Northern America,2024,2,5,1
ACN,Accenture plc,Technology,Information Technology Services,BUY,22.0,Ireland,Europe,Northern Europe,2024,12,19,4
INTC,Intel Corporation,Technology,Semiconductors,BUY,22.0,United States of America,Americas,Northern America,2024,10,22,4
APP,Applovin Corporation,Technology,Software - Application,BUY,22.0,United States of America,Americas,Northern America,2024,1,26,1
INTC,Intel Corporation,Technology,Semiconductors,BUY,22.0,United States of America,Americas,Northern America,2024,10,16,4
BRFS,BRF S.A.,Consumer Defensive,Packaged Foods,BUY,22.0,Brazil,Americas,Latin America and the Caribbean,2024,8,21,3
APP,Applovin Corporation,Technology,Software - Application,BUY,22.0,United States of America,Americas,Northern America,2024,1,25,1
INTC,Intel Corporation,Technology,Semiconductors,BUY,22.0,United States of America,Americas,Northern America,2024,3,13,1
TIMB,TIM S.A.,Communication Services,Telecom Services,BUY,22.0,Brazil,Americas,Latin America and the Caribbean,2024,1,24,1
TT,Trane Technologies plc,Industrials,Building Products & Equipment,BUY,22.0,Ireland,Europe,Northern Europe,2024,6,6,2
BRFS,BRF S.A.,Consumer Defensive,Packaged Foods,SELL,22.0,Brazil,Americas,Latin America and the Caribbean,2024,12,9,4
TIMB,TIM S.A.,Communication Services,Telecom Services,SELL,22.0,Brazil,Americas,Latin America and the Caribbean,2024,2,16,1
APP,Applovin Corporation,Technology,Software - Application,SELL,22.0,United States of America,Americas,Northern America,2024,1,25,1
TIMB,TIM S.A.,Communication Services,Telecom Services,SELL,22.0,Brazil,Americas,Latin America and the Caribbean,2024,1,24,1
CAE,CAE Inc.,Industrials,Aerospace & Defense,SELL,22.0,Canada,Americas,Northern America,2024,1,10,1
APP,Applovin Corporation,Technology,Software - Application,SELL,22.0,United States of America,Americas,Northern America,2024,2,5,1
PHVS,Pharvaris N.V.,Healthcare,Biotechnology,SELL,22.0,"Netherlands, Kingdom of the",Europe,Western Europe,2024,12,20,4
INTC,Intel Corporation,Technology,Semiconductors,SELL,22.0,United States of America,Americas,Northern America,2024,10,23,4
APP,Applovin Corporation,Technology,Software - Application,SELL,22.0,United States of America,Americas,Northern America,2024,1,30,1
INTC,Intel Corporation,Technology,Semiconductors,SELL,22.0,United States of America,Americas,Northern America,2024,10,21,4
BRFS,BRF S.A.,Consumer Defensive,Packaged Foods,SELL,22.0,Brazil,Americas,Latin America and the Caribbean,2024,9,27,3
APP,Applovin Corporation,Technology,Software - Application,SELL,22.0,United States of America,Americas,Northern America,2024,1,26,1
INTC,Intel Corporation,Technology,Semiconductors,SELL,22.0,United States of America,Americas,Northern America,2024,3,14,1
TIMB,TIM S.A.,Communication Services,Telecom Services,SELL,22.0,Brazil,Americas,Latin America and the Caribbean,2024,1,24,1
TT,Trane Technologies plc,Industrials,Building Products & Equipment,SELL,22.0,Ireland,Europe,Northern Europe,2024,7,16,3
TIMB,TIM S.A.,Communication Services,Telecom Services,BUY,21.0,Brazil,Americas,Latin America and the Caribbean,2024,1,30,1
INTC,Intel Corporation,Technology,Semiconductors,BUY,21.0,United States of America,Americas,Northern America,2024,1,5,1
BRFS,BRF S.A.,Consumer Defensive,Packaged Foods,BUY,21.0,Brazil,Americas,Latin America and the Caribbean,2024,11,1,4
APP,Applovin Corporation,Technology,Software - Application,BUY,21.0,United States of America,Americas,Northern America,2024,2,9,1
APP,Applovin Corporation,Technology,Software - Application,BUY,21.0,United States of America,Americas,Northern America,2024,2,6,1
APP,Applovin Corporation,Technology,Software - Application,BUY,21.0,United States of America,Americas,Northern America,2024,2,13,1
ACN,Accenture plc,Technology,Information Technology Services,BUY,21.0,Ireland,Europe,Northern Europe,2024,9,3,3
TIMB,TIM S.A.,Communication Services,Telecom Services,SELL,21.0,Brazil,Americas,Latin America and the Caribbean,2024,1,31,1
INTC,Intel Corporation,Technology,Semiconductors,SELL,21.0,United States of America,Americas,Northern America,2024,1,9,1
BRFS,BRF S.A.,Consumer Defensive,Packaged Foods,SELL,21.0,Brazil,Americas,Latin America and the Caribbean,2024,11,7,4
APP,Applovin Corporation,Technology,Software - Application,SELL,21.0,United States of America,Americas,Northern America,2024,2,9,1
APP,Applovin Corporation,Technology,Software - Application,SELL,21.0,United States of America,Americas,Northern America,2024,2,6,1
APP,Applovin Corporation,Technology,Software - Application,SELL,21.0,United States of America,Americas,Northern America,2024,2,13,1
PHVS,Pharvaris N.V.,Healthcare,Biotechnology,SELL,21.0,"Netherlands, Kingdom of the",Europe,Western Europe,2024,9,6,3
BRFS,BRF S.A.,Consumer Defensive,Packaged Foods,BUY,20.0,Brazil,Americas,Latin America and the Caribbean,2024,7,12,3
INTC,Intel Corporation,Technology,Semiconductors,BUY,20.0,United States of America,Americas,Northern America,2024,1,9,1
CAE,CAE Inc.,Industrials,Aerospace & Defense,BUY,20.0,Canada,Americas,Northern America,2024,1,3,1
INTC,Intel Corporation,Technology,Semiconductors,BUY,20.0,United States of America,Americas,Northern America,2024,4,9,2
INTC,Intel Corporation,Technology,Semiconductors,BUY,20.0,United States of America,Americas,Northern America,2024,4,10,2
TIMB,TIM S.A.,Communication Services,Telecom Services,BUY,20.0,Brazil,Americas,Latin America and the Caribbean,2024,4,2,2
BRFS,BRF S.A.,Consumer Defensive,Packaged Foods,BUY,20.0,Brazil,Americas,Latin America and the Caribbean,2024,11,12,4
INTC,Intel Corporation,Technology,Semiconductors,BUY,20.0,United States of America,Americas,Northern America,2024,4,12,2
TT,Trane Technologies plc,Industrials,Building Products & Equipment,BUY,20.0,Ireland,Europe,Northern Europe,2024,5,8,2
APP,Applovin Corporation,Technology,Software - Application,BUY,20.0,United States of America,Americas,Northern America,2024,2,8,1
ZK,ZEEKR Intelligent Technology Ho,Consumer Cyclical,Auto Manufacturers,BUY,20.0,China,Asia,Eastern Asia,2024,10,31,4
RIG,Transocean Ltd (Switzerland),Energy,Oil & Gas Drilling,BUY,20.0,Switzerland,Europe,Western Europe,2024,2,13,1
INTC,Intel Corporation,Technology,Semiconductors,SELL,20.0,United States of America,Americas,Northern America,2024,1,12,1
CAE,CAE Inc.,Industrials,Aerospace & Defense,SELL,20.0,Canada,Americas,Northern America,2024,1,4,1
INTC,Intel Corporation,Technology,Semiconductors,SELL,20.0,United States of America,Americas,Northern America,2024,4,10,2
INTC,Intel Corporation,Technology,Semiconductors,SELL,20.0,United States of America,Americas,Northern America,2024,4,12,2
TIMB,TIM S.A.,Communication Services,Telecom Services,SELL,20.0,Brazil,Americas,Latin America and the Caribbean,2024,4,3,2
BRFS,BRF S.A.,Consumer Defensive,Packaged Foods,SELL,20.0,Brazil,Americas,Latin America and the Caribbean,2024,11,12,4
INTC,Intel Corporation,Technology,Semiconductors,SELL,20.0,United States of America,Americas,Northern America,2024,4,19,2
TT,Trane Technologies plc,Industrials,Building Products & Equipment,SELL,20.0,Ireland,Europe,Northern Europe,2024,11,6,4
APP,Applovin Corporation,Technology,Software - Application,SELL,20.0,United States of America,Americas,Northern America,2024,2,8,1
EH,EHang Holdings Limited,Industrials,Aerospace & Defense,SELL,20.0,China,Asia,Eastern Asia,2024,11,1,4
RIG,Transocean Ltd (Switzerland),Energy,Oil & Gas Drilling,SELL,20.0,Switzerland,Europe,Western Europe,2024,2,16,1
RDDT,"Reddit, Inc.",Communication Services,Internet Content & Information,BUY,19.0,United States of America,Americas,Northern America,2024,3,25,1
BRFS,BRF S.A.,Consumer Defensive,Packaged Foods,BUY,19.0,Brazil,Americas,Latin America and the Caribbean,2024,10,8,4
ACN,Accenture plc,Technology,Information Technology Services,BUY,19.0,Ireland,Europe,Northern Europe,2024,1,25,1
ACN,Accenture plc,Technology,Information Technology Services,BUY,19.0,Ireland,Europe,Northern Europe,2024,12,5,4
INTC,Intel Corporation,Technology,Semiconductors,BUY,19.0,United States of America,Americas,Northern America,2024,4,5,2
CSCO,"Cisco Systems, Inc.",Technology,Communication Equipment,BUY,19.0,United States of America,Americas,Northern America,2024,1,2,1
ACN,Accenture plc,Technology,Information Technology Services,BUY,19.0,Ireland,Europe,Northern Europe,2024,12,6,4
RDDT,"Reddit, Inc.",Communication Services,Internet Content & Information,SELL,19.0,United States of America,Americas,Northern America,2024,3,25,1
BRFS,BRF S.A.,Consumer Defensive,Packaged Foods,SELL,19.0,Brazil,Americas,Latin America and the Caribbean,2024,10,18,4
PHVS,Pharvaris N.V.,Healthcare,Biotechnology,SELL,19.0,"Netherlands, Kingdom of the",Europe,Western Europe,2024,1,30,1
PHVS,Pharvaris N.V.,Healthcare,Biotechnology,SELL,19.0,"Netherlands, Kingdom of the",Europe,Western Europe,2024,12,5,4
INTC,Intel Corporation,Technology,Semiconductors,SELL,19.0,United States of America,Americas,Northern America,2024,4,9,2
CSCO,"Cisco Systems, Inc.",Technology,Communication Equipment,SELL,19.0,United States of America,Americas,Northern America,2024,1,22,1
PHVS,Pharvaris N.V.,Healthcare,Biotechnology,SELL,19.0,"Netherlands, Kingdom of the",Europe,Western Europe,2024,12,6,4
HNGZY,HANGZHOU TIGERMED CONSULTING CO,Healthcare,Diagnostics & Research,BUY,18.0,China,Asia,Eastern Asia,2024,10,30,4
HNGZY,HANGZHOU TIGERMED CONSULTING CO,Healthcare,Diagnostics & Research,BUY,18.0,China,Asia,Eastern Asia,2024,11,4,4
TIMB,TIM S.A.,Communication Services,Telecom Services,BUY,18.0,Brazil,Americas,Latin America and the Caribbean,2024,2,20,1
BRFS,BRF S.A.,Consumer Defensive,Packaged Foods,BUY,18.0,Brazil,Americas,Latin America and the Caribbean,2024,7,24,3
TIMB,TIM S.A.,Communication Services,Telecom Services,BUY,18.0,Brazil,Americas,Latin America and the Caribbean,2024,3,11,1
RDDT,"Reddit, Inc.",Communication Services,Internet Content & Information,BUY,18.0,United States of America,Americas,Northern America,2024,3,28,1
TIMB,TIM S.A.,Communication Services,Telecom Services,BUY,18.0,Brazil,Americas,Latin America and the Caribbean,2024,2,20,1
BRFS,BRF S.A.,Consumer Defensive,Packaged Foods,BUY,18.0,Brazil,Americas,Latin America and the Caribbean,2024,7,24,3
BKR,Baker Hughes Company,Energy,Oil & Gas Equipment & Services,BUY,18.0,United States of America,Americas,Northern America,2024,1,8,1
ACN,Accenture plc,Technology,Information Technology Services,BUY,18.0,Ireland,Europe,Northern Europe,2024,3,11,1
EH,EHang Holdings Limited,Industrials,Aerospace & Defense,SELL,18.0,China,Asia,Eastern Asia,2024,10,31,4
EH,EHang Holdings Limited,Industrials,Aerospace & Defense,SELL,18.0,China,Asia,Eastern Asia,2024,11,4,4
TIMB,TIM S.A.,Communication Services,Telecom Services,SELL,18.0,Brazil,Americas,Latin America and the Caribbean,2024,2,21,1
BRFS,BRF S.A.,Consumer Defensive,Packaged Foods,SELL,18.0,Brazil,Americas,Latin America and the Caribbean,2024,8,1,3
TIMB,TIM S.A.,Communication Services,Telecom Services,SELL,18.0,Brazil,Americas,Latin America and the Caribbean,2024,3,12,1
RDDT,"Reddit, Inc.",Communication Services,Internet Content & Information,SELL,18.0,United States of America,Americas,Northern America,2024,4,1,2
TIMB,TIM S.A.,Communication Services,Telecom Services,SELL,18.0,Brazil,Americas,Latin America and the Caribbean,2024,2,20,1
BRFS,BRF S.A.,Consumer Defensive,Packaged Foods,SELL,18.0,Brazil,Americas,Latin America and the Caribbean,2024,8,1,3
BKR,Baker Hughes Company,Energy,Oil & Gas Equipment & Services,SELL,18.0,United States of America,Americas,Northern America,2024,1,10,1
PHVS,Pharvaris N.V.,Healthcare,Biotechnology,SELL,18.0,"Netherlands, Kingdom of the",Europe,Western Europe,2024,3,12,1
INTC,Intel Corporation,Technology,Semiconductors,BUY,17.0,United States of America,Americas,Northern America,2024,2,16,1
MDT,Medtronic plc.,Healthcare,Medical Devices,BUY,17.0,Ireland,Europe,Northern Europe,2024,8,16,3
INTC,Intel Corporation,Technology,Semiconductors,BUY,17.0,United States of America,Americas,Northern America,2024,2,21,1
WDC,Western Digital Corporation,Technology,Computer Hardware,BUY,17.0,United States of America,Americas,Northern America,2024,1,30,1
GSL,Global Ship Lease Inc New,Industrials,Marine Shipping,BUY,17.0,Greece,Europe,Southern Europe,2024,6,28,2
GSL,Global Ship Lease Inc New,Industrials,Marine Shipping,BUY,17.0,Greece,Europe,Southern Europe,2024,5,28,2
INTC,Intel Corporation,Technology,Semiconductors,BUY,17.0,United States of America,Americas,Northern America,2024,3,5,1
ACN,Accenture plc,Technology,Information Technology Services,BUY,17.0,Ireland,Europe,Northern Europe,2024,3,6,1
BRFS,BRF S.A.,Consumer Defensive,Packaged Foods,BUY,17.0,Brazil,Americas,Latin America and the Caribbean,2024,5,22,2
INTC,Intel Corporation,Technology,Semiconductors,SELL,17.0,United States of America,Americas,Northern America,2024,2,21,1
ETN,"Eaton Corporation, PLC",Industrials,Specialty Industrial Machinery,SELL,17.0,Ireland,Europe,Northern Europe,2024,10,29,4
INTC,Intel Corporation,Technology,Semiconductors,SELL,17.0,United States of America,Americas,Northern America,2024,2,22,1
WDC,Western Digital Corporation,Technology,Computer Hardware,SELL,17.0,United States of America,Americas,Northern America,2024,2,13,1
GSL,Global Ship Lease Inc New,Industrials,Marine Shipping,SELL,17.0,Greece,Europe,Southern Europe,2024,6,3,2
INTC,Intel Corporation,Technology,Semiconductors,SELL,17.0,United States of America,Americas,Northern America,2024,3,6,1
PHVS,Pharvaris N.V.,Healthcare,Biotechnology,SELL,17.0,"Netherlands, Kingdom of the",Europe,Western Europe,2024,3,6,1
BRFS,BRF S.A.,Consumer Defensive,Packaged Foods,SELL,17.0,Brazil,Americas,Latin America and the Caribbean,2024,5,24,2
BRFS,BRF S.A.,Consumer Defensive,Packaged Foods,BUY,16.0,Brazil,Americas,Latin America and the Caribbean,2024,6,6,2
RDDT,"Reddit, Inc.",Communication Services,Internet Content & Information,BUY,16.0,United States of America,Americas,Northern America,2024,4,5,2
STNE,StoneCo Ltd.,Technology,Software - Infrastructure,BUY,16.0,Cayman Islands,Americas,Latin America and the Caribbean,2024,5,1,2
STNE,StoneCo Ltd.,Technology,Software - Infrastructure,BUY,16.0,Cayman Islands,Americas,Latin America and the Caribbean,2024,4,16,2
BORR,Borr Drilling Limited,Energy,Oil & Gas Drilling,BUY,16.0,Bermuda,Americas,Northern America,2024,3,1,1
BRFS,BRF S.A.,Consumer Defensive,Packaged Foods,BUY,16.0,Brazil,Americas,Latin America and the Caribbean,2024,5,28,2
INTC,Intel Corporation,Technology,Semiconductors,BUY,16.0,United States of America,Americas,Northern America,2024,3,7,1
TIMB,TIM S.A.,Communication Services,Telecom Services,BUY,16.0,Brazil,Americas,Latin America and the Caribbean,2024,3,19,1
BORR,Borr Drilling Limited,Energy,Oil & Gas Drilling,BUY,16.0,Bermuda,Americas,Northern America,2024,3,5,1
WDC,Western Digital Corporation,Technology,Computer Hardware,BUY,16.0,United States of America,Americas,Northern America,2024,1,29,1
INTC,Intel Corporation,Technology,Semiconductors,BUY,16.0,United States of America,Americas,Northern America,2024,4,1,2
INTC,Intel Corporation,Technology,Semiconductors,BUY,16.0,United States of America,Americas,Northern America,2024,3,8,1
BRFS,BRF S.A.,Consumer Defensive,Packaged Foods,SELL,16.0,Brazil,Americas,Latin America and the Caribbean,2024,6,10,2
RDDT,"Reddit, Inc.",Communication Services,Internet Content & Information,SELL,16.0,United States of America,Americas,Northern America,2024,4,9,2
STNE,StoneCo Ltd.,Technology,Software - Infrastructure,SELL,16.0,Cayman Islands,Americas,Latin America and the Caribbean,2024,5,6,2
STNE,StoneCo Ltd.,Technology,Software - Infrastructure,SELL,16.0,Cayman Islands,Americas,Latin America and the Caribbean,2024,5,6,2
BORR,Borr Drilling Limited,Energy,Oil & Gas Drilling,SELL,16.0,Bermuda,Americas,Northern America,2024,3,5,1
BRFS,BRF S.A.,Consumer Defensive,Packaged Foods,SELL,16.0,Brazil,Americas,Latin America and the Caribbean,2024,5,30,2
INTC,Intel Corporation,Technology,Semiconductors,SELL,16.0,United States of America,Americas,Northern America,2024,3,8,1
APP,Applovin Corporation,Technology,Software - Application,SELL,16.0,United States of America,Americas,Northern America,2024,2,14,1
TIMB,TIM S.A.,Communication Services,Telecom Services,SELL,16.0,Brazil,Americas,Latin America and the Caribbean,2024,3,22,1
BORR,Borr Drilling Limited,Energy,Oil & Gas Drilling,SELL,16.0,Bermuda,Americas,Northern America,2024,3,14,1
WDC,Western Digital Corporation,Technology,Computer Hardware,SELL,16.0,United States of America,Americas,Northern America,2024,1,30,1
INTC,Intel Corporation,Technology,Semiconductors,SELL,16.0,United States of America,Americas,Northern America,2024,4,4,2
INTC,Intel Corporation,Technology,Semiconductors,SELL,16.0,United States of America,Americas,Northern America,2024,3,12,1
STNE,StoneCo Ltd.,Technology,Software - Infrastructure,BUY,15.0,Cayman Islands,Americas,Latin America and the Caribbean,2024,4,1,2
TIMB,TIM S.A.,Communication Services,Telecom Services,BUY,15.0,Brazil,Americas,Latin America and the Caribbean,2024,4,8,2
MDT,Medtronic plc.,Healthcare,Medical Devices,BUY,15.0,Ireland,Europe,Northern Europe,2024,5,20,2
BRFS,BRF S.A.,Consumer Defensive,Packaged Foods,BUY,15.0,Brazil,Americas,Latin America and the Caribbean,2024,5,20,2
TIMB,TIM S.A.,Communication Services,Telecom Services,BUY,15.0,Brazil,Americas,Latin America and the Caribbean,2024,2,23,1
TIMB,TIM S.A.,Communication Services,Telecom Services,BUY,15.0,Brazil,Americas,Latin America and the Caribbean,2024,4,10,2
TIMB,TIM S.A.,Communication Services,Telecom Services,BUY,15.0,Brazil,Americas,Latin America and the Caribbean,2024,2,14,1
TIMB,TIM S.A.,Communication Services,Telecom Services,BUY,15.0,Brazil,Americas,Latin America and the Caribbean,2024,2,23,1
TIMB,TIM S.A.,Communication Services,Telecom Services,BUY,15.0,Brazil,Americas,Latin America and the Caribbean,2024,2,26,1
BRFS,BRF S.A.,Consumer Defensive,Packaged Foods,BUY,15.0,Brazil,Americas,Latin America and the Caribbean,2024,4,30,2
BORR,Borr Drilling Limited,Energy,Oil & Gas Drilling,BUY,15.0,Bermuda,Americas,Northern America,2024,2,22,1
STNE,StoneCo Ltd.,Technology,Software - Infrastructure,SELL,15.0,Cayman Islands,Americas,Latin America and the Caribbean,2024,4,9,2
BORR,Borr Drilling Limited,Energy,Oil & Gas Drilling,SELL,15.0,Bermuda,Americas,Northern America,2024,2,8,1
TIMB,TIM S.A.,Communication Services,Telecom Services,SELL,15.0,Brazil,Americas,Latin America and the Caribbean,2024,4,9,2
BRFS,BRF S.A.,Consumer Defensive,Packaged Foods,SELL,15.0,Brazil,Americas,Latin America and the Caribbean,2024,5,24,2
TIMB,TIM S.A.,Communication Services,Telecom Services,SELL,15.0,Brazil,Americas,Latin America and the Caribbean,2024,2,23,1
TIMB,TIM S.A.,Communication Services,Telecom Services,SELL,15.0,Brazil,Americas,Latin America and the Caribbean,2024,4,12,2
TIMB,TIM S.A.,Communication Services,Telecom Services,SELL,15.0,Brazil,Americas,Latin America and the Caribbean,2024,2,14,1
TIMB,TIM S.A.,Communication Services,Telecom Services,SELL,15.0,Brazil,Americas,Latin America and the Caribbean,2024,2,26,1
TIMB,TIM S.A.,Communication Services,Telecom Services,SELL,15.0,Brazil,Americas,Latin America and the Caribbean,2024,2,26,1
BRFS,BRF S.A.,Consumer Defensive,Packaged Foods,SELL,15.0,Brazil,Americas,Latin America and the Caribbean,2024,5,7,2
BORR,Borr Drilling Limited,Energy,Oil & Gas Drilling,SELL,15.0,Bermuda,Americas,Northern America,2024,3,1,1
TIMB,TIM S.A.,Communication Services,Telecom Services,BUY,14.0,Brazil,Americas,Latin America and the Caribbean,2024,4,5,2
TIMB,TIM S.A.,Communication Services,Telecom Services,BUY,14.0,Brazil,Americas,Latin America and the Caribbean,2024,2,27,1
BKR,Baker Hughes Company,Energy,Oil & Gas Equipment & Services,BUY,14.0,United States of America,Americas,Northern America,2024,1,5,1
HNGZY,HANGZHOU TIGERMED CONSULTING CO,Healthcare,Diagnostics & Research,BUY,14.0,China,Asia,Eastern Asia,2024,10,30,4
TIMB,TIM S.A.,Communication Services,Telecom Services,SELL,14.0,Brazil,Americas,Latin America and the Caribbean,2024,4,5,2
TIMB,TIM S.A.,Communication Services,Telecom Services,SELL,14.0,Brazil,Americas,Latin America and the Caribbean,2024,2,27,1
BKR,Baker Hughes Company,Energy,Oil & Gas Equipment & Services,SELL,14.0,United States of America,Americas,Northern America,2024,1,8,1
EH,EHang Holdings Limited,Industrials,Aerospace & Defense,SELL,14.0,China,Asia,Eastern Asia,2024,10,30,4
TDC,Teradata Corporation,Technology,Software - Infrastructure,BUY,13.0,United States of America,Americas,Northern America,2024,2,13,1
BRFS,BRF S.A.,Consumer Defensive,Packaged Foods,BUY,13.0,Brazil,Americas,Latin America and the Caribbean,2024,5,10,2
TDC,Teradata Corporation,Technology,Software - Infrastructure,BUY,13.0,United States of America,Americas,Northern America,2024,2,14,1
TIMB,TIM S.A.,Communication Services,Telecom Services,BUY,13.0,Brazil,Americas,Latin America and the Caribbean,2024,4,4,2
TIMB,TIM S.A.,Communication Services,Telecom Services,BUY,13.0,Brazil,Americas,Latin America and the Caribbean,2024,4,23,2
TIMB,TIM S.A.,Communication Services,Telecom Services,BUY,13.0,Brazil,Americas,Latin America and the Caribbean,2024,3,5,1
TIMB,TIM S.A.,Communication Services,Telecom Services,BUY,13.0,Brazil,Americas,Latin America and the Caribbean,2024,3,6,1
BRFS,BRF S.A.,Consumer Defensive,Packaged Foods,BUY,13.0,Brazil,Americas,Latin America and the Caribbean,2024,4,26,2
BRFS,BRF S.A.,Consumer Defensive,Packaged Foods,BUY,13.0,Brazil,Americas,Latin America and the Caribbean,2024,5,9,2
TIMB,TIM S.A.,Communication Services,Telecom Services,BUY,13.0,Brazil,Americas,Latin America and the Caribbean,2024,3,14,1
TDC,Teradata Corporation,Technology,Software - Infrastructure,SELL,13.0,United States of America,Americas,Northern America,2024,2,14,1
BRFS,BRF S.A.,Consumer Defensive,Packaged Foods,SELL,13.0,Brazil,Americas,Latin America and the Caribbean,2024,7,24,3
TDC,Teradata Corporation,Technology,Software - Infrastructure,SELL,13.0,United States of America,Americas,Northern America,2024,3,7,1
TIMB,TIM S.A.,Communication Services,Telecom Services,SELL,13.0,Brazil,Americas,Latin America and the Caribbean,2024,4,4,2
TIMB,TIM S.A.,Communication Services,Telecom Services,SELL,13.0,Brazil,Americas,Latin America and the Caribbean,2024,4,23,2
TIMB,TIM S.A.,Communication Services,Telecom Services,SELL,13.0,Brazil,Americas,Latin America and the Caribbean,2024,3,6,1
TIMB,TIM S.A.,Communication Services,Telecom Services,SELL,13.0,Brazil,Americas,Latin America and the Caribbean,2024,3,11,1
BRFS,BRF S.A.,Consumer Defensive,Packaged Foods,SELL,13.0,Brazil,Americas,Latin America and the Caribbean,2024,5,7,2
BRFS,BRF S.A.,Consumer Defensive,Packaged Foods,SELL,13.0,Brazil,Americas,Latin America and the Caribbean,2024,5,9,2
TIMB,TIM S.A.,Communication Services,Telecom Services,SELL,13.0,Brazil,Americas,Latin America and the Caribbean,2024,3,15,1
TIMB,TIM S.A.,Communication Services,Telecom Services,BUY,12.0,Brazil,Americas,Latin America and the Caribbean,2024,3,1,1
APP,Applovin Corporation,Technology,Software - Application,BUY,12.0,United States of America,Americas,Northern America,2024,1,19,1
APP,Applovin Corporation,Technology,Software - Application,BUY,12.0,United States of America,Americas,Northern America,2024,1,12,1
BRFS,BRF S.A.,Consumer Defensive,Packaged Foods,BUY,12.0,Brazil,Americas,Latin America and the Caribbean,2024,5,7,2
RDDT,"Reddit, Inc.",Communication Services,Internet Content & Information,BUY,12.0,United States of America,Americas,Northern America,2024,4,17,2
TIMB,TIM S.A.,Communication Services,Telecom Services,SELL,12.0,Brazil,Americas,Latin America and the Caribbean,2024,3,1,1
APP,Applovin Corporation,Technology,Software - Application,SELL,12.0,United States of America,Americas,Northern America,2024,1,23,1
APP,Applovin Corporation,Technology,Software - Application,SELL,12.0,United States of America,Americas,Northern America,2024,1,17,1
BRFS,BRF S.A.,Consumer Defensive,Packaged Foods,SELL,12.0,Brazil,Americas,Latin America and the Caribbean,2024,7,24,3
RDDT,"Reddit, Inc.",Communication Services,Internet Content & Information,SELL,12.0,United States of America,Americas,Northern America,2024,4,19,2
GM,General Motors Company,Consumer Cyclical,Auto Manufacturers,BUY,11.0,United States of America,Americas,Northern America,2024,5,8,2
ACN,Accenture plc,Technology,Information Technology Services,BUY,11.0,Ireland,Europe,Northern Europe,2024,4,1,2
RDDT,"Reddit, Inc.",Communication Services,Internet Content & Information,BUY,11.0,United States of America,Americas,Northern America,2024,4,30,2
HNGZY,HANGZHOU TIGERMED CONSULTING CO,Healthcare,Diagnostics & Research,BUY,11.0,China,Asia,Eastern Asia,2024,10,8,4
ARM,Arm Holdings plc,Technology,Semiconductors,BUY,11.0,United Kingdom of Great Britain and Northern Ireland,Europe,Northern Europe,2024,4,19,2
RDDT,"Reddit, Inc.",Communication Services,Internet Content & Information,BUY,11.0,United States of America,Americas,Northern America,2024,4,10,2
NIO,NIO Inc.,Consumer Cyclical,Auto Manufacturers,BUY,11.0,China,Asia,Eastern Asia,2024,12,23,4
GM,General Motors Company,Consumer Cyclical,Auto Manufacturers,BUY,11.0,United States of America,Americas,Northern America,2024,5,28,2
TIMB,TIM S.A.,Communication Services,Telecom Services,BUY,11.0,Brazil,Americas,Latin America and the Caribbean,2024,3,15,1
APP,Applovin Corporation,Technology,Software - Application,BUY,11.0,United States of America,Americas,Northern America,2024,1,18,1
GM,General Motors Company,Consumer Cyclical,Auto Manufacturers,SELL,11.0,United States of America,Americas,Northern America,2024,6,11,2
PHVS,Pharvaris N.V.,Healthcare,Biotechnology,SELL,11.0,"Netherlands, Kingdom of the",Europe,Western Europe,2024,4,4,2
RDDT,"Reddit, Inc.",Communication Services,Internet Content & Information,SELL,11.0,United States of America,Americas,Northern America,2024,5,2,2
EH,EHang Holdings Limited,Industrials,Aerospace & Defense,SELL,11.0,China,Asia,Eastern Asia,2024,10,9,4
ARM,Arm Holdings plc,Technology,Semiconductors,SELL,11.0,United Kingdom of Great Britain and Northern Ireland,Europe,Northern Europe,2024,4,22,2
RDDT,"Reddit, Inc.",Communication Services,Internet Content & Information,SELL,11.0,United States of America,Americas,Northern America,2024,4,17,2
NIO,NIO Inc.,Consumer Cyclical,Auto Manufacturers,SELL,11.0,China,Asia,Eastern Asia,2024,12,23,4
GM,General Motors Company,Consumer Cyclical,Auto Manufacturers,SELL,11.0,United States of America,Americas,Northern America,2024,6,11,2
TIMB,TIM S.A.,Communication Services,Telecom Services,SELL,11.0,Brazil,Americas,Latin America and the Caribbean,2024,3,15,1
APP,Applovin Corporation,Technology,Software - Application,SELL,11.0,United States of America,Americas,Northern America,2024,1,19,1
RDDT,"Reddit, Inc.",Communication Services,Internet Content & Information,BUY,10.0,United States of America,Americas,Northern America,2024,8,7,3
HNGZY,HANGZHOU TIGERMED CONSULTING CO,Healthcare,Diagnostics & Research,BUY,10.0,China,Asia,Eastern Asia,2024,10,16,4
AMZN,"Amazon.com, Inc.",Consumer Cyclical,Internet Retail,BUY,10.0,United States of America,Americas,Northern America,2024,11,21,4
CSCO,"Cisco Systems, Inc.",Technology,Communication Equipment,BUY,10.0,United States of America,Americas,Northern America,2024,2,15,1
ARM,Arm Holdings plc,Technology,Semiconductors,BUY,10.0,United Kingdom of Great Britain and Northern Ireland,Europe,Northern Europe,2024,2,13,1
RDDT,"Reddit, Inc.",Communication Services,Internet Content & Information,BUY,10.0,United States of America,Americas,Northern America,2024,3,21,1
RDDT,"Reddit, Inc.",Communication Services,Internet Content & Information,BUY,10.0,United States of America,Americas,Northern America,2024,5,7,2
RDDT,"Reddit, Inc.",Communication Services,Internet Content & Information,BUY,10.0,United States of America,Americas,Northern America,2024,4,3,2
RDDT,"Reddit, Inc.",Communication Services,Internet Content & Information,BUY,10.0,United States of America,Americas,Northern America,2024,4,2,2
HNGZY,HANGZHOU TIGERMED CONSULTING CO,Healthcare,Diagnostics & Research,BUY,10.0,China,Asia,Eastern Asia,2024,10,22,4
HNGZY,HANGZHOU TIGERMED CONSULTING CO,Healthcare,Diagnostics & Research,BUY,10.0,China,Asia,Eastern Asia,2024,10,10,4
APP,Applovin Corporation,Technology,Software - Application,BUY,10.0,United States of America,Americas,Northern America,2024,2,9,1
RDDT,"Reddit, Inc.",Communication Services,Internet Content & Information,SELL,10.0,United States of America,Americas,Northern America,2024,8,9,3
EH,EHang Holdings Limited,Industrials,Aerospace & Defense,SELL,10.0,China,Asia,Eastern Asia,2024,10,18,4
CAE,CAE Inc.,Industrials,Aerospace & Defense,SELL,10.0,Canada,Americas,Northern America,2024,1,2,1
AMZN,"Amazon.com, Inc.",Consumer Cyclical,Internet Retail,SELL,10.0,United States of America,Americas,Northern America,2024,12,2,4
CSCO,"Cisco Systems, Inc.",Technology,Communication Equipment,SELL,10.0,United States of America,Americas,Northern America,2024,3,14,1
ARM,Arm Holdings plc,Technology,Semiconductors,SELL,10.0,United Kingdom of Great Britain and Northern Ireland,Europe,Northern Europe,2024,2,14,1
RDDT,"Reddit, Inc.",Communication Services,Internet Content & Information,SELL,10.0,United States of America,Americas,Northern America,2024,3,21,1
RDDT,"Reddit, Inc.",Communication Services,Internet Content & Information,SELL,10.0,United States of America,Americas,Northern America,2024,5,8,2
RDDT,"Reddit, Inc.",Communication Services,Internet Content & Information,SELL,10.0,United States of America,Americas,Northern America,2024,4,4,2
RDDT,"Reddit, Inc.",Communication Services,Internet Content & Information,SELL,10.0,United States of America,Americas,Northern America,2024,4,3,2
APP,Applovin Corporation,Technology,Software - Application,SELL,10.0,United States of America,Americas,Northern America,2024,2,14,1
EH,EHang Holdings Limited,Industrials,Aerospace & Defense,SELL,10.0,China,Asia,Eastern Asia,2024,10,23,4
EH,EHang Holdings Limited,Industrials,Aerospace & Defense,SELL,10.0,China,Asia,Eastern Asia,2024,10,11,4
APP,Applovin Corporation,Technology,Software - Application,SELL,10.0,United States of America,Americas,Northern America,2024,2,12,1
RDDT,"Reddit, Inc.",Communication Services,Internet Content & Information,BUY,9.0,United States of America,Americas,Northern America,2024,8,16,3
,,,,BUY,9.0,,,,2024,2,9,1
XYZ,"Block, Inc.",Technology,Software - Infrastructure,BUY,9.0,United States of America,Americas,Northern America,2024,4,9,2
RDDT,"Reddit, Inc.",Communication Services,Internet Content & Information,BUY,9.0,United States of America,Americas,Northern America,2024,6,4,2
NEE,"NextEra Energy, Inc.",Utilities,Utilities - Regulated Electric,BUY,9.0,United States of America,Americas,Northern America,2024,2,13,1
,,,,BUY,9.0,,,,2024,2,9,1
UAL,"United Airlines Holdings, Inc.",Industrials,Airlines,BUY,9.0,United States of America,Americas,Northern America,2024,5,8,2
XYZ,"Block, Inc.",Technology,Software - Infrastructure,BUY,9.0,United States of America,Americas,Northern America,2024,4,2,2
ARM,Arm Holdings plc,Technology,Semiconductors,BUY,9.0,United Kingdom of Great Britain and Northern Ireland,Europe,Northern Europe,2024,2,13,1
TIMB,TIM S.A.,Communication Services,Telecom Services,BUY,9.0,Brazil,Americas,Latin America and the Caribbean,2024,3,26,1
RDDT,"Reddit, Inc.",Communication Services,Internet Content & Information,BUY,9.0,United States of America,Americas,Northern America,2024,4,3,2
AMZN,"Amazon.com, Inc.",Consumer Cyclical,Internet Retail,BUY,9.0,United States of America,Americas,Northern America,2024,11,15,4
XYZ,"Block, Inc.",Technology,Software - Infrastructure,BUY,9.0,United States of America,Americas,Northern America,2024,4,5,2
RDDT,"Reddit, Inc.",Communication Services,Internet Content & Information,SELL,9.0,United States of America,Americas,Northern America,2024,9,13,3
,,,,SELL,9.0,,,,2024,2,12,1
XYZ,"Block, Inc.",Technology,Software - Infrastructure,SELL,9.0,United States of America,Americas,Northern America,2024,4,15,2
RDDT,"Reddit, Inc.",Communication Services,Internet Content & Information,SELL,9.0,United States of America,Americas,Northern America,2024,6,5,2
NEE,"NextEra Energy, Inc.",Utilities,Utilities - Regulated Electric,SELL,9.0,United States of America,Americas,Northern America,2024,2,15,1
,,,,SELL,9.0,,,,2024,2,12,1
UAL,"United Airlines Holdings, Inc.",Industrials,Airlines,SELL,9.0,United States of America,Americas,Northern America,2024,5,20,2
XYZ,"Block, Inc.",Technology,Software - Infrastructure,SELL,9.0,United States of America,Americas,Northern America,2024,4,4,2
ARM,Arm Holdings plc,Technology,Semiconductors,SELL,9.0,United Kingdom of Great Britain and Northern Ireland,Europe,Northern Europe,2024,2,13,1
TIMB,TIM S.A.,Communication Services,Telecom Services,SELL,9.0,Brazil,Americas,Latin America and the Caribbean,2024,3,27,1
RDDT,"Reddit, Inc.",Communication Services,Internet Content & Information,SELL,9.0,United States of America,Americas,Northern America,2024,4,3,2
AMZN,"Amazon.com, Inc.",Consumer Cyclical,Internet Retail,SELL,9.0,United States of America,Americas,Northern America,2024,11,21,4
XYZ,"Block, Inc.",Technology,Software - Infrastructure,SELL,9.0,United States of America,Americas,Northern America,2024,4,9,2
,,,,BUY,8.0,,,,2024,1,24,1
ARM,Arm Holdings plc,Technology,Semiconductors,BUY,8.0,United Kingdom of Great Britain and Northern Ireland,Europe,Northern Europe,2024,2,9,1
ARM,Arm Holdings plc,Technology,Semiconductors,BUY,8.0,United Kingdom of Great Britain and Northern Ireland,Europe,Northern Europe,2024,2,21,1
NEE,"NextEra Energy, Inc.",Utilities,Utilities - Regulated Electric,BUY,8.0,United States of America,Americas,Northern America,2024,1,11,1
ARM,Arm Holdings plc,Technology,Semiconductors,BUY,8.0,United Kingdom of Great Britain and Northern Ireland,Europe,Northern Europe,2024,2,22,1
ARM,Arm Holdings plc,Technology,Semiconductors,BUY,8.0,United Kingdom of Great Britain and Northern Ireland,Europe,Northern Europe,2024,2,20,1
ARM,Arm Holdings plc,Technology,Semiconductors,BUY,8.0,United Kingdom of Great Britain and Northern Ireland,Europe,Northern Europe,2024,2,21,1
GOOG,Alphabet Inc.,Communication Services,Internet Content & Information,BUY,8.0,United States of America,Americas,Northern America,2024,11,14,4
WDC,Western Digital Corporation,Technology,Computer Hardware,BUY,8.0,United States of America,Americas,Northern America,2024,1,24,1
RDDT,"Reddit, Inc.",Communication Services,Internet Content & Information,BUY,8.0,United States of America,Americas,Northern America,2024,5,20,2
RDDT,"Reddit, Inc.",Communication Services,Internet Content & Information,BUY,8.0,United States of America,Americas,Northern America,2024,5,15,2
,,,,BUY,8.0,,,,2024,1,24,1
AMD,"Advanced Micro Devices, Inc.",Technology,Semiconductors,BUY,8.0,United States of America,Americas,Northern America,2024,1,30,1
,,,,BUY,8.0,,,,2024,1,31,1
APP,Applovin Corporation,Technology,Software - Application,BUY,8.0,United States of America,Americas,Northern America,2024,2,15,1
ARM,Arm Holdings plc,Technology,Semiconductors,BUY,8.0,United Kingdom of Great Britain and Northern Ireland,Europe,Northern Europe,2024,2,12,1
XYZ,"Block, Inc.",Technology,Software - Infrastructure,BUY,8.0,United States of America,Americas,Northern America,2024,3,26,1
AMD,"Advanced Micro Devices, Inc.",Technology,Semiconductors,BUY,8.0,United States of America,Americas,Northern America,2024,1,31,1
,,,,SELL,8.0,,,,2024,1,31,1
ARM,Arm Holdings plc,Technology,Semiconductors,SELL,8.0,United Kingdom of Great Britain and Northern Ireland,Europe,Northern Europe,2024,2,12,1
ARM,Arm Holdings plc,Technology,Semiconductors,SELL,8.0,United Kingdom of Great Britain and Northern Ireland,Europe,Northern Europe,2024,2,22,1
NEE,"NextEra Energy, Inc.",Utilities,Utilities - Regulated Electric,SELL,8.0,United States of America,Americas,Northern America,2024,1,17,1
ARM,Arm Holdings plc,Technology,Semiconductors,SELL,8.0,United Kingdom of Great Britain and Northern Ireland,Europe,Northern Europe,2024,2,22,1
ARM,Arm Holdings plc,Technology,Semiconductors,SELL,8.0,United Kingdom of Great Britain and Northern Ireland,Europe,Northern Europe,2024,2,21,1
ARM,Arm Holdings plc,Technology,Semiconductors,SELL,8.0,United Kingdom of Great Britain and Northern Ireland,Europe,Northern Europe,2024,2,21,1
GOOG,Alphabet Inc.,Communication Services,Internet Content & Information,SELL,8.0,United States of America,Americas,Northern America,2024,11,15,4
WDC,Western Digital Corporation,Technology,Computer Hardware,SELL,8.0,United States of America,Americas,Northern America,2024,1,26,1
RDDT,"Reddit, Inc.",Communication Services,Internet Content & Information,SELL,8.0,United States of America,Americas,Northern America,2024,5,21,2
RDDT,"Reddit, Inc.",Communication Services,Internet Content & Information,SELL,8.0,United States of America,Americas,Northern America,2024,5,16,2
,,,,SELL,8.0,,,,2024,1,24,1
AMD,"Advanced Micro Devices, Inc.",Technology,Semiconductors,SELL,8.0,United States of America,Americas,Northern America,2024,1,31,1
,,,,SELL,8.0,,,,2024,2,9,1
APP,Applovin Corporation,Technology,Software - Application,SELL,8.0,United States of America,Americas,Northern America,2024,2,15,1
ARM,Arm Holdings plc,Technology,Semiconductors,SELL,8.0,United Kingdom of Great Britain and Northern Ireland,Europe,Northern Europe,2024,2,12,1
XYZ,"Block, Inc.",Technology,Software - Infrastructure,SELL,8.0,United States of America,Americas,Northern America,2024,4,2,2
AMD,"Advanced Micro Devices, Inc.",Technology,Semiconductors,SELL,8.0,United States of America,Americas,Northern America,2024,2,5,1
ARM,Arm Holdings plc,Technology,Semiconductors,BUY,7.0,United Kingdom of Great Britain and Northern Ireland,Europe,Northern Europe,2024,3,13,1
ARM,Arm Holdings plc,Technology,Semiconductors,BUY,7.0,United Kingdom of Great Britain and Northern Ireland,Europe,Northern Europe,2024,2,27,1
RDDT,"Reddit, Inc.",Communication Services,Internet Content & Information,BUY,7.0,United States of America,Americas,Northern America,2024,3,26,1
APP,Applovin Corporation,Technology,Software - Application,BUY,7.0,United States of America,Americas,Northern America,2024,2,21,1
ARM,Arm Holdings plc,Technology,Semiconductors,BUY,7.0,United Kingdom of Great Britain and Northern Ireland,Europe,Northern Europe,2024,2,13,1
AMD,"Advanced Micro Devices, Inc.",Technology,Semiconductors,BUY,7.0,United States of America,Americas,Northern America,2024,2,7,1
,,,,BUY,7.0,,,,2024,3,5,1
ARM,Arm Holdings plc,Technology,Semiconductors,BUY,7.0,United Kingdom of Great Britain and Northern Ireland,Europe,Northern Europe,2024,3,12,1
,,,,BUY,7.0,,,,2024,3,6,1
GOOG,Alphabet Inc.,Communication Services,Internet Content & Information,BUY,7.0,United States of America,Americas,Northern America,2024,3,15,1
GOOG,Alphabet Inc.,Communication Services,Internet Content & Information,BUY,7.0,United States of America,Americas,Northern America,2024,3,15,1
AMD,"Advanced Micro Devices, Inc.",Technology,Semiconductors,BUY,7.0,United States of America,Americas,Northern America,2024,1,29,1
,,,,BUY,7.0,,,,2024,3,13,1
AMZN,"Amazon.com, Inc.",Consumer Cyclical,Internet Retail,BUY,7.0,United States of America,Americas,Northern America,2024,11,14,4
CNH,CNH Industrial N.V.,Industrials,Farm & Heavy Construction Machinery,BUY,7.0,United Kingdom of Great Britain and Northern Ireland,Europe,Northern Europe,2024,11,15,4
RDDT,"Reddit, Inc.",Communication Services,Internet Content & Information,BUY,7.0,United States of America,Americas,Northern America,2024,10,10,4
ARM,Arm Holdings plc,Technology,Semiconductors,BUY,7.0,United Kingdom of Great Britain and Northern Ireland,Europe,Northern Europe,2024,3,4,1
,,,,BUY,7.0,,,,2024,3,11,1
RDDT,"Reddit, Inc.",Communication Services,Internet Content & Information,BUY,7.0,United States of America,Americas,Northern America,2024,7,16,3
AMD,"Advanced Micro Devices, Inc.",Technology,Semiconductors,BUY,7.0,United States of America,Americas,Northern America,2024,1,5,1
GOOG,Alphabet Inc.,Communication Services,Internet Content & Information,BUY,7.0,United States of America,Americas,Northern America,2024,2,27,1
,,,,BUY,7.0,,,,2024,3,14,1
,,,,BUY,7.0,,,,2024,4,16,2
AMZN,"Amazon.com, Inc.",Consumer Cyclical,Internet Retail,BUY,7.0,United States of America,Americas,Northern America,2024,2,12,1
AMD,"Advanced Micro Devices, Inc.",Technology,Semiconductors,BUY,7.0,United States of America,Americas,Northern America,2024,2,5,1
CNH,CNH Industrial N.V.,Industrials,Farm & Heavy Construction Machinery,BUY,7.0,United Kingdom of Great Britain and Northern Ireland,Europe,Northern Europe,2024,8,2,3
CNH,CNH Industrial N.V.,Industrials,Farm & Heavy Construction Machinery,BUY,7.0,United Kingdom of Great Britain and Northern Ireland,Europe,Northern Europe,2024,8,7,3
AMD,"Advanced Micro Devices, Inc.",Technology,Semiconductors,BUY,7.0,United States of America,Americas,Northern America,2024,1,4,1
GOOG,Alphabet Inc.,Communication Services,Internet Content & Information,BUY,7.0,United States of America,Americas,Northern America,2024,3,8,1
XYZ,"Block, Inc.",Technology,Software - Infrastructure,BUY,7.0,United States of America,Americas,Northern America,2024,5,22,2
AMZN,"Amazon.com, Inc.",Consumer Cyclical,Internet Retail,BUY,7.0,United States of America,Americas,Northern America,2024,2,5,1
CNH,CNH Industrial N.V.,Industrials,Farm & Heavy Construction Machinery,BUY,7.0,United Kingdom of Great Britain and Northern Ireland,Europe,Northern Europe,2024,11,1,4
ARM,Arm Holdings plc,Technology,Semiconductors,BUY,7.0,United Kingdom of Great Britain and Northern Ireland,Europe,Northern Europe,2024,2,22,1
GOOG,Alphabet Inc.,Communication Services,Internet Content & Information,BUY,7.0,United States of America,Americas,Northern America,2024,3,4,1
ARM,Arm Holdings plc,Technology,Semiconductors,BUY,7.0,United Kingdom of Great Britain and Northern Ireland,Europe,Northern Europe,2024,3,5,1
ARM,Arm Holdings plc,Technology,Semiconductors,BUY,7.0,United Kingdom of Great Britain and Northern Ireland,Europe,Northern Europe,2024,3,5,1
XYZ,"Block, Inc.",Technology,Software - Infrastructure,BUY,7.0,United States of America,Americas,Northern America,2024,5,24,2
ARM,Arm Holdings plc,Technology,Semiconductors,BUY,7.0,United Kingdom of Great Britain and Northern Ireland,Europe,Northern Europe,2024,2,23,1
ARM,Arm Holdings plc,Technology,Semiconductors,BUY,7.0,United Kingdom of Great Britain and Northern Ireland,Europe,Northern Europe,2024,3,8,1
CNH,CNH Industrial N.V.,Industrials,Farm & Heavy Construction Machinery,BUY,7.0,United Kingdom of Great Britain and Northern Ireland,Europe,Northern Europe,2024,12,19,4
,,,,BUY,7.0,,,,2024,2,12,1
RDDT,"Reddit, Inc.",Communication Services,Internet Content & Information,BUY,7.0,United States of America,Americas,Northern America,2024,3,26,1
ARM,Arm Holdings plc,Technology,Semiconductors,BUY,233.0,United Kingdom of Great Britain and Northern Ireland,Europe,Northern Europe,2024,2,12,1
,,,,BUY,222.0,,,,2024,2,14,1
ARM,Arm Holdings plc,Technology,Semiconductors,BUY,222.0,United Kingdom of Great Britain and Northern Ireland,Europe,Northern Europe,2024,2,15,1
GOOG,Alphabet Inc.,Communication Services,Internet Content & Information,BUY,222.0,United States of America,Americas,Northern America,2024,11,21,4
STNG,Scorpio Tankers Inc.,Energy,Oil & Gas Midstream,BUY,221.0,Monaco,Europe,Western Europe,2024,1,5,1
ARM,Arm Holdings plc,Technology,Semiconductors,BUY,221.0,United Kingdom of Great Britain and Northern Ireland,Europe,Northern Europe,2024,11,15,4
ARM,Arm Holdings plc,Technology,Semiconductors,BUY,217.0,United Kingdom of Great Britain and Northern Ireland,Europe,Northern Europe,2024,2,14,1
ARM,Arm Holdings plc,Technology,Semiconductors,BUY,217.0,United Kingdom of Great Britain and Northern Ireland,Europe,Northern Europe,2024,2,16,1
ARM,Arm Holdings plc,Technology,Semiconductors,BUY,215.0,United Kingdom of Great Britain and Northern Ireland,Europe,Northern Europe,2024,2,14,1
ARM,Arm Holdings plc,Technology,Semiconductors,BUY,215.0,United Kingdom of Great Britain and Northern Ireland,Europe,Northern Europe,2024,2,15,1
ARM,Arm Holdings plc,Technology,Semiconductors,BUY,214.0,United Kingdom of Great Britain and Northern Ireland,Europe,Northern Europe,2024,3,11,1
,,,,BUY,214.0,,,,2024,2,20,1
AMZN,"Amazon.com, Inc.",Consumer Cyclical,Internet Retail,BUY,202.0,United States of America,Americas,Northern America,2024,2,1,1
ARM,Arm Holdings plc,Technology,Semiconductors,SELL,202.0,United Kingdom of Great Britain and Northern Ireland,Europe,Northern Europe,2024,3,13,1
ARM,Arm Holdings plc,Technology,Semiconductors,SELL,199.0,United Kingdom of Great Britain and Northern Ireland,Europe,Northern Europe,2024,2,29,1
RDDT,"Reddit, Inc.",Communication Services,Internet Content & Information,SELL,199.0,United States of America,Americas,Northern America,2024,3,27,1
APP,Applovin Corporation,Technology,Software - Application,SELL,198.0,United States of America,Americas,Northern America,2024,2,22,1
ARM,Arm Holdings plc,Technology,Semiconductors,SELL,198.0,United Kingdom of Great Britain and Northern Ireland,Europe,Northern Europe,2024,2,13,1
AMD,"Advanced Micro Devices, Inc.",Technology,Semiconductors,SELL,198.0,United States of America,Americas,Northern America,2024,2,12,1
,,,,SELL,198.0,,,,2024,3,6,1
ARM,Arm Holdings plc,Technology,Semiconductors,SELL,195.0,United Kingdom of Great Britain and Northern Ireland,Europe,Northern Europe,2024,3,12,1
,,,,SELL,195.0,,,,2024,3,7,1
GOOG,Alphabet Inc.,Communication Services,Internet Content & Information,SELL,190.0,United States of America,Americas,Northern America,2024,3,18,1
GOOG,Alphabet Inc.,Communication Services,Internet Content & Information,SELL,185.0,United States of America,Americas,Northern America,2024,3,18,1
AMD,"Advanced Micro Devices, Inc.",Technology,Semiconductors,SELL,185.0,United States of America,Americas,Northern America,2024,1,30,1
,,,,SELL,185.0,,,,2024,3,14,1
AMZN,"Amazon.com, Inc.",Consumer Cyclical,Internet Retail,SELL,177.0,United States of America,Americas,Northern America,2024,11,15,4
IGT,International Game Technology,Consumer Cyclical,Gambling,SELL,177.0,United Kingdom of Great Britain and Northern Ireland,Europe,Northern Europe,2024,11,18,4
GOOG,Alphabet Inc.,Communication Services,Internet Content & Information,SELL,155.0,United States of America,Americas,Northern America,2024,1,11,1
RDDT,"Reddit, Inc.",Communication Services,Internet Content & Information,SELL,155.0,United States of America,Americas,Northern America,2024,10,15,4
ARM,Arm Holdings plc,Technology,Semiconductors,SELL,147.0,United Kingdom of Great Britain and Northern Ireland,Europe,Northern Europe,2024,3,5,1
,,,,SELL,147.0,,,,2024,3,12,1
RDDT,"Reddit, Inc.",Communication Services,Internet Content & Information,SELL,146.0,United States of America,Americas,Northern America,2024,8,7,3
AMD,"Advanced Micro Devices, Inc.",Technology,Semiconductors,SELL,146.0,United States of America,Americas,Northern America,2024,1,9,1
GOOG,Alphabet Inc.,Communication Services,Internet Content & Information,SELL,144.0,United States of America,Americas,Northern America,2024,3,4,1
,,,,SELL,144.0,,,,2024,4,1,2
,,,,SELL,136.0,,,,2024,4,18,2
AMZN,"Amazon.com, Inc.",Consumer Cyclical,Internet Retail,SELL,136.0,United States of America,Americas,Northern America,2024,2,13,1
AMD,"Advanced Micro Devices, Inc.",Technology,Semiconductors,SELL,135.0,United States of America,Americas,Northern America,2024,2,6,1
IGT,International Game Technology,Consumer Cyclical,Gambling,SELL,135.0,United Kingdom of Great Britain and Northern Ireland,Europe,Northern Europe,2024,8,7,3
IGT,International Game Technology,Consumer Cyclical,Gambling,SELL,135.0,United Kingdom of Great Britain and Northern Ireland,Europe,Northern Europe,2024,8,12,3
AMD,"Advanced Micro Devices, Inc.",Technology,Semiconductors,SELL,135.0,United States of America,Americas,Northern America,2024,1,5,1
GOOG,Alphabet Inc.,Communication Services,Internet Content & Information,SELL,133.0,United States of America,Americas,Northern America,2024,3,15,1
XYZ,"Block, Inc.",Technology,Software - Infrastructure,SELL,133.0,United States of America,Americas,Northern America,2024,5,24,2
AMZN,"Amazon.com, Inc.",Consumer Cyclical,Internet Retail,SELL,132.0,United States of America,Americas,Northern America,2024,2,12,1
LIN,Linde plc,Basic Materials,Specialty Chemicals,SELL,132.0,United Kingdom of Great Britain and Northern Ireland,Europe,Northern Europe,2024,11,4,4
ARM,Arm Holdings plc,Technology,Semiconductors,SELL,129.0,United Kingdom of Great Britain and Northern Ireland,Europe,Northern Europe,2024,2,22,1
ARM,Arm Holdings plc,Technology,Semiconductors,SELL,129.0,United Kingdom of Great Britain and Northern Ireland,Europe,Northern Europe,2024,3,6,1
GOOG,Alphabet Inc.,Communication Services,Internet Content & Information,SELL,129.0,United States of America,Americas,Northern America,2024,3,8,1
ARM,Arm Holdings plc,Technology,Semiconductors,SELL,129.0,United Kingdom of Great Britain and Northern Ireland,Europe,Northern Europe,2024,3,5,1
XYZ,"Block, Inc.",Technology,Software - Infrastructure,SELL,128.0,United States of America,Americas,Northern America,2024,7,17,3
ARM,Arm Holdings plc,Technology,Semiconductors,SELL,128.0,United Kingdom of Great Britain and Northern Ireland,Europe,Northern Europe,2024,2,26,1
ARM,Arm Holdings plc,Technology,Semiconductors,SELL,125.0,United Kingdom of Great Britain and Northern Ireland,Europe,Northern Europe,2024,3,11,1
,,,,SELL,123.0,,,,2024,2,13,1
RDDT,"Reddit, Inc.",Communication Services,Internet Content & Information,SELL,123.0,United States of America,Americas,Northern America,2024,3,26,1
ARM,Arm Holdings plc,Technology,Semiconductors,SELL,122.0,United Kingdom of Great Britain and Northern Ireland,Europe,Northern Europe,2024,2,12,1
,,,,SELL,122.0,,,,2024,2,20,1
ARM,Arm Holdings plc,Technology,Semiconductors,SELL,115.0,United Kingdom of Great Britain and Northern Ireland,Europe,Northern Europe,2024,2,15,1
GOOG,Alphabet Inc.,Communication Services,Internet Content & Information,SELL,115.0,United States of America,Americas,Northern America,2024,12,5,4
STNG,Scorpio Tankers Inc.,Energy,Oil & Gas Midstream,SELL,107.0,Monaco,Europe,Western Europe,2024,1,8,1
LULU,lululemon athletica inc.,Consumer Cyclical,Apparel Retail,SELL,107.0,Canada,Americas,Northern America,2024,1,3,1
ARM,Arm Holdings plc,Technology,Semiconductors,SELL,103.0,United Kingdom of Great Britain and Northern Ireland,Europe,Northern Europe,2024,11,19,4
ARM,Arm Holdings plc,Technology,Semiconductors,SELL,101.0,United Kingdom of Great Britain and Northern Ireland,Europe,Northern Europe,2024,2,15,1
ARM,Arm Holdings plc,Technology,Semiconductors,SELL,101.0,United Kingdom of Great Britain and Northern Ireland,Europe,Northern Europe,2024,2,20,1
ARM,Arm Holdings plc,Technology,Semiconductors,SELL,101.0,United Kingdom of Great Britain and Northern Ireland,Europe,Northern Europe,2024,2,14,1
ARM,Arm Holdings plc,Technology,Semiconductors,SELL,101.0,United Kingdom of Great Britain and Northern Ireland,Europe,Northern Europe,2024,2,15,1
ARM,Arm Holdings plc,Technology,Semiconductors,SELL,96.0,United Kingdom of Great Britain and Northern Ireland,Europe,Northern Europe,2024,3,12,1
,,,,SELL,96.0,,,,2024,2,22,1
AMZN,"Amazon.com, Inc.",Consumer Cyclical,Internet Retail,SELL,93.0,United States of America,Americas,Northern America,2024,2,2,1
ROIV,Roivant Sciences Ltd.,Healthcare,Biotechnology,BUY,93.0,United Kingdom of Great Britain and Northern Ireland,Europe,Northern Europe,2024,9,19,3
XYZ,"Block, Inc.",Technology,Software - Infrastructure,BUY,93.0,United States of America,Americas,Northern America,2024,3,19,1
SKYW,"SkyWest, Inc.",Industrials,Airlines,BUY,92.0,United States of America,Americas,Northern America,2024,5,23,2
PNR,Pentair plc.,Industrials,Specialty Industrial Machinery,BUY,92.0,United Kingdom of Great Britain and Northern Ireland,Europe,Northern Europe,2024,8,28,3
PNR,Pentair plc.,Industrials,Specialty Industrial Machinery,BUY,92.0,United Kingdom of Great Britain and Northern Ireland,Europe,Northern Europe,2024,8,16,3
NIO,NIO Inc.,Consumer Cyclical,Auto Manufacturers,BUY,91.0,China,Asia,Eastern Asia,2024,9,24,3
AMD,"Advanced Micro Devices, Inc.",Technology,Semiconductors,BUY,91.0,United States of America,Americas,Northern America,2024,2,20,1
NIO,NIO Inc.,Consumer Cyclical,Auto Manufacturers,BUY,91.0,China,Asia,Eastern Asia,2024,4,16,2
NIO,NIO Inc.,Consumer Cyclical,Auto Manufacturers,BUY,91.0,China,Asia,Eastern Asia,2024,8,7,3
NIO,NIO Inc.,Consumer Cyclical,Auto Manufacturers,BUY,91.0,China,Asia,Eastern Asia,2024,2,27,1
PNR,Pentair plc.,Industrials,Specialty Industrial Machinery,BUY,91.0,United Kingdom of Great Britain and Northern Ireland,Europe,Northern Europe,2024,8,30,3
XYZ,"Block, Inc.",Technology,Software - Infrastructure,BUY,87.0,United States of America,Americas,Northern America,2024,3,18,1
SKYW,"SkyWest, Inc.",Industrials,Airlines,BUY,87.0,United States of America,Americas,Northern America,2024,7,1,3
TSLA,"Tesla, Inc.",Consumer Cyclical,Auto Manufacturers,BUY,84.0,United States of America,Americas,Northern America,2024,3,14,1
AMZN,"Amazon.com, Inc.",Consumer Cyclical,Internet Retail,BUY,84.0,United States of America,Americas,Northern America,2024,1,26,1
SKYW,"SkyWest, Inc.",Industrials,Airlines,BUY,84.0,United States of America,Americas,Northern America,2024,6,3,2
AMZN,"Amazon.com, Inc.",Consumer Cyclical,Internet Retail,BUY,84.0,United States of America,Americas,Northern America,2024,1,25,1
GOOG,Alphabet Inc.,Communication Services,Internet Content & Information,BUY,83.0,United States of America,Americas,Northern America,2024,4,25,2
DOLE,Dole plc,Consumer Defensive,Farm Products,BUY,83.0,Ireland,Europe,Northern Europe,2024,3,8,1
SEDG,"SolarEdge Technologies, Inc.",Technology,Solar,BUY,82.0,Israel,Asia,Western Asia,2024,1,11,1
AMZN,"Amazon.com, Inc.",Consumer Cyclical,Internet Retail,BUY,82.0,United States of America,Americas,Northern America,2024,1,11,1
SKYW,"SkyWest, Inc.",Industrials,Airlines,BUY,82.0,United States of America,Americas,Northern America,2024,5,8,2
CNH,CNH Industrial N.V.,Industrials,Farm & Heavy Construction Machinery,BUY,81.0,United Kingdom of Great Britain and Northern Ireland,Europe,Northern Europe,2024,9,23,3
CNH,CNH Industrial N.V.,Industrials,Farm & Heavy Construction Machinery,BUY,81.0,United Kingdom of Great Britain and Northern Ireland,Europe,Northern Europe,2024,7,24,3
GOOG,Alphabet Inc.,Communication Services,Internet Content & Information,BUY,80.0,United States of America,Americas,Northern America,2024,1,30,1
AAPL,Apple Inc.,Technology,Consumer Electronics,BUY,80.0,United States of America,Americas,Northern America,2024,1,29,1
ARM,Arm Holdings plc,Technology,Semiconductors,BUY,75.0,United Kingdom of Great Britain and Northern Ireland,Europe,Northern Europe,2024,2,12,1
AAPL,Apple Inc.,Technology,Consumer Electronics,BUY,75.0,United States of America,Americas,Northern America,2024,2,9,1
GOOG,Alphabet Inc.,Communication Services,Internet Content & Information,BUY,74.0,United States of America,Americas,Northern America,2024,3,21,1
GOOG,Alphabet Inc.,Communication Services,Internet Content & Information,BUY,74.0,United States of America,Americas,Northern America,2024,1,24,1
AAPL,Apple Inc.,Technology,Consumer Electronics,BUY,73.0,United States of America,Americas,Northern America,2024,2,2,1
AMD,"Advanced Micro Devices, Inc.",Technology,Semiconductors,BUY,73.0,United States of America,Americas,Northern America,2024,1,10,1
,,,,BUY,71.0,,,,2024,4,9,2
APP,Applovin Corporation,Technology,Software - Application,BUY,71.0,United States of America,Americas,Northern America,2024,2,20,1
,,,,BUY,69.0,,,,2024,3,8,1
AMD,"Advanced Micro Devices, Inc.",Technology,Semiconductors,BUY,69.0,United States of America,Americas,Northern America,2024,1,9,1
APP,Applovin Corporation,Technology,Software - Application,BUY,68.0,United States of America,Americas,Northern America,2024,4,4,2
SNEX,StoneX Group Inc.,Financial Services,Capital Markets,BUY,68.0,United States of America,Americas,Northern America,2024,1,5,1
CNH,CNH Industrial N.V.,Industrials,Farm & Heavy Construction Machinery,BUY,67.0,United Kingdom of Great Britain and Northern Ireland,Europe,Northern Europe,2024,11,21,4
GOOG,Alphabet Inc.,Communication Services,Internet Content & Information,BUY,67.0,United States of America,Americas,Northern America,2024,2,14,1
APP,Applovin Corporation,Technology,Software - Application,BUY,63.0,United States of America,Americas,Northern America,2024,6,11,2
,,,,BUY,63.0,,,,2024,3,12,1
ARM,Arm Holdings plc,Technology,Semiconductors,BUY,62.0,United Kingdom of Great Britain and Northern Ireland,Europe,Northern Europe,2024,2,9,1
SKYW,"SkyWest, Inc.",Industrials,Airlines,BUY,62.0,United States of America,Americas,Northern America,2024,8,2,3
GOOG,Alphabet Inc.,Communication Services,Internet Content & Information,BUY,62.0,United States of America,Americas,Northern America,2024,1,31,1
GOOG,Alphabet Inc.,Communication Services,Internet Content & Information,BUY,62.0,United States of America,Americas,Northern America,2024,1,12,1
LIN,Linde plc,Basic Materials,Specialty Chemicals,SELL,61.0,United Kingdom of Great Britain and Northern Ireland,Europe,Northern Europe,2024,9,19,3
XYZ,"Block, Inc.",Technology,Software - Infrastructure,SELL,61.0,United States of America,Americas,Northern America,2024,3,22,1
AMZN,"Amazon.com, Inc.",Consumer Cyclical,Internet Retail,SELL,60.0,United States of America,Americas,Northern America,2024,1,2,1
SKYW,"SkyWest, Inc.",Industrials,Airlines,SELL,60.0,United States of America,Americas,Northern America,2024,6,3,2
IGT,International Game Technology,Consumer Cyclical,Gambling,SELL,60.0,United Kingdom of Great Britain and Northern Ireland,Europe,Northern Europe,2024,8,29,3
IGT,International Game Technology,Consumer Cyclical,Gambling,SELL,60.0,United Kingdom of Great Britain and Northern Ireland,Europe,Northern Europe,2024,8,20,3
NIO,NIO Inc.,Consumer Cyclical,Auto Manufacturers,SELL,60.0,China,Asia,Eastern Asia,2024,12,20,4
AMD,"Advanced Micro Devices, Inc.",Technology,Semiconductors,SELL,60.0,United States of America,Americas,Northern America,2024,2,22,1
NIO,NIO Inc.,Consumer Cyclical,Auto Manufacturers,SELL,58.0,China,Asia,Eastern Asia,2024,4,22,2
NIO,NIO Inc.,Consumer Cyclical,Auto Manufacturers,SELL,58.0,China,Asia,Eastern Asia,2024,8,12,3
NIO,NIO Inc.,Consumer Cyclical,Auto Manufacturers,SELL,58.0,China,Asia,Eastern Asia,2024,3,5,1
IGT,International Game Technology,Consumer Cyclical,Gambling,SELL,58.0,United Kingdom of Great Britain and Northern Ireland,Europe,Northern Europe,2024,9,16,3
XYZ,"Block, Inc.",Technology,Software - Infrastructure,SELL,58.0,United States of America,Americas,Northern America,2024,3,19,1
SKYW,"SkyWest, Inc.",Industrials,Airlines,SELL,58.0,United States of America,Americas,Northern America,2024,7,17,3
TSLA,"Tesla, Inc.",Consumer Cyclical,Auto Manufacturers,SELL,58.0,United States of America,Americas,Northern America,2024,3,19,1
AMZN,"Amazon.com, Inc.",Consumer Cyclical,Internet Retail,SELL,58.0,United States of America,Americas,Northern America,2024,1,30,1
SKYW,"SkyWest, Inc.",Industrials,Airlines,SELL,58.0,United States of America,Americas,Northern America,2024,6,10,2
AMZN,"Amazon.com, Inc.",Consumer Cyclical,Internet Retail,SELL,58.0,United States of America,Americas,Northern America,2024,1,26,1
GOOG,Alphabet Inc.,Communication Services,Internet Content & Information,SELL,57.0,United States of America,Americas,Northern America,2024,4,26,2
SEDG,"SolarEdge Technologies, Inc.",Technology,Solar,SELL,57.0,Israel,Asia,Western Asia,2024,2,7,1
AMZN,"Amazon.com, Inc.",Consumer Cyclical,Internet Retail,SELL,56.0,United States of America,Americas,Northern America,2024,1,25,1
SKYW,"SkyWest, Inc.",Industrials,Airlines,SELL,56.0,United States of America,Americas,Northern America,2024,5,23,2
IGT,International Game Technology,Consumer Cyclical,Gambling,SELL,56.0,United Kingdom of Great Britain and Northern Ireland,Europe,Northern Europe,2024,10,9,4
IGT,International Game Technology,Consumer Cyclical,Gambling,SELL,56.0,United Kingdom of Great Britain and Northern Ireland,Europe,Northern Europe,2024,8,1,3
GOOG,Alphabet Inc.,Communication Services,Internet Content & Information,SELL,56.0,United States of America,Americas,Northern America,2024,1,31,1
AAPL,Apple Inc.,Technology,Consumer Electronics,SELL,56.0,United States of America,Americas,Northern America,2024,2,2,1
ARM,Arm Holdings plc,Technology,Semiconductors,SELL,56.0,United Kingdom of Great Britain and Northern Ireland,Europe,Northern Europe,2024,2,12,1
AAPL,Apple Inc.,Technology,Consumer Electronics,SELL,56.0,United States of America,Americas,Northern America,2024,2,20,1
GOOG,Alphabet Inc.,Communication Services,Internet Content & Information,SELL,56.0,United States of America,Americas,Northern America,2024,4,2,2
GOOG,Alphabet Inc.,Communication Services,Internet Content & Information,SELL,56.0,United States of America,Americas,Northern America,2024,1,30,1
AAPL,Apple Inc.,Technology,Consumer Electronics,SELL,56.0,United States of America,Americas,Northern America,2024,2,8,1
AMD,"Advanced Micro Devices, Inc.",Technology,Semiconductors,SELL,56.0,United States of America,Americas,Northern America,2024,1,16,1
,,,,SELL,55.0,,,,2024,4,9,2
APP,Applovin Corporation,Technology,Software - Application,SELL,55.0,United States of America,Americas,Northern America,2024,2,21,1
,,,,SELL,55.0,,,,2024,3,11,1
AMD,"Advanced Micro Devices, Inc.",Technology,Semiconductors,SELL,55.0,United States of America,Americas,Northern America,2024,1,10,1
APP,Applovin Corporation,Technology,Software - Application,SELL,55.0,United States of America,Americas,Northern America,2024,4,5,2
SNEX,StoneX Group Inc.,Financial Services,Capital Markets,SELL,55.0,United States of America,Americas,Northern America,2024,1,11,1
IGT,International Game Technology,Consumer Cyclical,Gambling,SELL,55.0,United Kingdom of Great Britain and Northern Ireland,Europe,Northern Europe,2024,11,22,4
GOOG,Alphabet Inc.,Communication Services,Internet Content & Information,SELL,55.0,United States of America,Americas,Northern America,2024,2,26,1
APP,Applovin Corporation,Technology,Software - Application,SELL,54.0,United States of America,Americas,Northern America,2024,6,18,2
,,,,SELL,54.0,,,,2024,3,12,1
ARM,Arm Holdings plc,Technology,Semiconductors,SELL,53.0,United Kingdom of Great Britain and Northern Ireland,Europe,Northern Europe,2024,2,9,1
SKYW,"SkyWest, Inc.",Industrials,Airlines,SELL,53.0,United States of America,Americas,Northern America,2024,9,17,3
GOOG,Alphabet Inc.,Communication Services,Internet Content & Information,SELL,53.0,United States of America,Americas,Northern America,2024,2,14,1
GOOG,Alphabet Inc.,Communication Services,Internet Content & Information,SELL,53.0,United States of America,Americas,Northern America,2024,1,23,1
ARM,Arm Holdings plc,Technology,Semiconductors,BUY,52.0,United Kingdom of Great Britain and Northern Ireland,Europe,Northern Europe,2024,2,26,1
AAPL,Apple Inc.,Technology,Consumer Electronics,BUY,52.0,United States of America,Americas,Northern America,2024,5,29,2
,,,,BUY,52.0,,,,2024,4,9,2
TSLA,"Tesla, Inc.",Consumer Cyclical,Auto Manufacturers,BUY,52.0,United States of America,Americas,Northern America,2024,2,8,1
AMZN,"Amazon.com, Inc.",Consumer Cyclical,Internet Retail,BUY,52.0,United States of America,Americas,Northern America,2024,3,5,1
AMD,"Advanced Micro Devices, Inc.",Technology,Semiconductors,BUY,51.0,United States of America,Americas,Northern America,2024,3,11,1
JPM,JP Morgan Chase & Co.,Financial Services,Banks - Diversified,BUY,51.0,United States of America,Americas,Northern America,2024,3,27,1
AMD,"Advanced Micro Devices, Inc.",Technology,Semiconductors,BUY,50.0,United States of America,Americas,Northern America,2024,5,1,2
AMD,"Advanced Micro Devices, Inc.",Technology,Semiconductors,BUY,50.0,United States of America,Americas,Northern America,2024,3,1,1
DOLE,Dole plc,Consumer Defensive,Farm Products,BUY,50.0,Ireland,Europe,Northern Europe,2024,3,4,1
AMD,"Advanced Micro Devices, Inc.",Technology,Semiconductors,BUY,50.0,United States of America,Americas,Northern America,2024,3,13,1
ARM,Arm Holdings plc,Technology,Semiconductors,BUY,50.0,United Kingdom of Great Britain and Northern Ireland,Europe,Northern Europe,2024,5,1,2
DELL,Dell Technologies Inc.,Technology,Computer Hardware,BUY,50.0,United States of America,Americas,Northern America,2024,7,24,3
JPM,JP Morgan Chase & Co.,Financial Services,Banks - Diversified,BUY,50.0,United States of America,Americas,Northern America,2024,4,30,2
AAPL,Apple Inc.,Technology,Consumer Electronics,BUY,50.0,United States of America,Americas,Northern America,2024,1,25,1
CPA,"Copa Holdings, S.A.",Industrials,Airlines,BUY,49.0,Panama,Americas,Latin America and the Caribbean,2024,1,12,1
NIO,NIO Inc.,Consumer Cyclical,Auto Manufacturers,BUY,49.0,China,Asia,Eastern Asia,2024,6,25,2
JPM,JP Morgan Chase & Co.,Financial Services,Banks - Diversified,BUY,49.0,United States of America,Americas,Northern America,2024,3,14,1
TSLA,"Tesla, Inc.",Consumer Cyclical,Auto Manufacturers,BUY,49.0,United States of America,Americas,Northern America,2024,2,12,1
JPM,JP Morgan Chase & Co.,Financial Services,Banks - Diversified,BUY,48.0,United States of America,Americas,Northern America,2024,3,8,1
,,,,BUY,48.0,,,,2024,4,2,2
TSLA,"Tesla, Inc.",Consumer Cyclical,Auto Manufacturers,BUY,48.0,United States of America,Americas,Northern America,2024,2,7,1
JPM,JP Morgan Chase & Co.,Financial Services,Banks - Diversified,BUY,48.0,United States of America,Americas,Northern America,2024,4,12,2
JPM,JP Morgan Chase & Co.,Financial Services,Banks - Diversified,BUY,48.0,United States of America,Americas,Northern America,2024,2,13,1
ARM,Arm Holdings plc,Technology,Semiconductors,BUY,48.0,United Kingdom of Great Britain and Northern Ireland,Europe,Northern Europe,2024,3,25,1
,,,,BUY,47.0,,,,2024,3,4,1
TSLA,"Tesla, Inc.",Consumer Cyclical,Auto Manufacturers,BUY,47.0,United States of America,Americas,Northern America,2024,1,26,1
AAPL,Apple Inc.,Technology,Consumer Electronics,BUY,47.0,United States of America,Americas,Northern America,2024,1,3,1
AMD,"Advanced Micro Devices, Inc.",Technology,Semiconductors,BUY,47.0,United States of America,Americas,Northern America,2024,3,14,1
TSLA,"Tesla, Inc.",Consumer Cyclical,Auto Manufacturers,BUY,46.0,United States of America,Americas,Northern America,2024,2,13,1
GOOG,Alphabet Inc.,Communication Services,Internet Content & Information,BUY,46.0,United States of America,Americas,Northern America,2024,11,12,4
AMD,"Advanced Micro Devices, Inc.",Technology,Semiconductors,BUY,46.0,United States of America,Americas,Northern America,2024,2,22,1
AAPL,Apple Inc.,Technology,Consumer Electronics,BUY,46.0,United States of America,Americas,Northern America,2024,2,21,1
,,,,BUY,46.0,,,,2024,5,1,2
AMD,"Advanced Micro Devices, Inc.",Technology,Semiconductors,BUY,46.0,United States of America,Americas,Northern America,2024,7,24,3
NIO,NIO Inc.,Consumer Cyclical,Auto Manufacturers,BUY,46.0,China,Asia,Eastern Asia,2024,8,21,3
AAPL,Apple Inc.,Technology,Consumer Electronics,BUY,46.0,United States of America,Americas,Northern America,2024,2,20,1
AMZN,"Amazon.com, Inc.",Consumer Cyclical,Internet Retail,BUY,46.0,United States of America,Americas,Northern America,2024,3,25,1
AMD,"Advanced Micro Devices, Inc.",Technology,Semiconductors,BUY,45.0,United States of America,Americas,Northern America,2024,1,25,1
TSLA,"Tesla, Inc.",Consumer Cyclical,Auto Manufacturers,BUY,45.0,United States of America,Americas,Northern America,2024,2,5,1
DIS,Walt Disney Company (The),Communication Services,Entertainment,BUY,45.0,United States of America,Americas,Northern America,2024,8,16,3
,,,,BUY,45.0,,,,2024,4,18,2
AMD,"Advanced Micro Devices, Inc.",Technology,Semiconductors,BUY,45.0,United States of America,Americas,Northern America,2024,1,24,1
NIO,NIO Inc.,Consumer Cyclical,Auto Manufacturers,BUY,45.0,China,Asia,Eastern Asia,2024,3,8,1
GOOG,Alphabet Inc.,Communication Services,Internet Content & Information,BUY,45.0,United States of America,Americas,Northern America,2024,5,22,2
NIO,NIO Inc.,Consumer Cyclical,Auto Manufacturers,BUY,45.0,China,Asia,Eastern Asia,2024,5,22,2
AAPL,Apple Inc.,Technology,Consumer Electronics,BUY,45.0,United States of America,Americas,Northern America,2024,3,20,1
AMD,"Advanced Micro Devices, Inc.",Technology,Semiconductors,BUY,45.0,United States of America,Americas,Northern America,2024,2,16,1
AMD,"Advanced Micro Devices, Inc.",Technology,Semiconductors,BUY,45.0,United States of America,Americas,Northern America,2024,2,23,1
AMD,"Advanced Micro Devices, Inc.",Technology,Semiconductors,BUY,45.0,United States of America,Americas,Northern America,2024,2,14,1
TSLA,"Tesla, Inc.",Consumer Cyclical,Auto Manufacturers,BUY,45.0,United States of America,Americas,Northern America,2024,3,8,1
AAPL,Apple Inc.,Technology,Consumer Electronics,BUY,45.0,United States of America,Americas,Northern America,2024,3,4,1
ARM,Arm Holdings plc,Technology,Semiconductors,BUY,45.0,United Kingdom of Great Britain and Northern Ireland,Europe,Northern Europe,2024,8,16,3
AMZN,"Amazon.com, Inc.",Consumer Cyclical,Internet Retail,BUY,45.0,United States of America,Americas,Northern America,2024,4,25,2
,,,,BUY,45.0,,,,2024,2,26,1
AMD,"Advanced Micro Devices, Inc.",Technology,Semiconductors,BUY,45.0,United States of America,Americas,Northern America,2024,1,24,1
AMD,"Advanced Micro Devices, Inc.",Technology,Semiconductors,BUY,44.0,United States of America,Americas,Northern America,2024,2,12,1
AAPL,Apple Inc.,Technology,Consumer Electronics,BUY,44.0,United States of America,Americas,Northern America,2024,4,16,2
NIO,NIO Inc.,Consumer Cyclical,Auto Manufacturers,BUY,44.0,China,Asia,Eastern Asia,2024,5,1,2
DOLE,Dole plc,Consumer Defensive,Farm Products,BUY,44.0,Ireland,Europe,Northern Europe,2024,4,2,2
TSLA,"Tesla, Inc.",Consumer Cyclical,Auto Manufacturers,BUY,44.0,United States of America,Americas,Northern America,2024,3,13,1
AAPL,Apple Inc.,Technology,Consumer Electronics,BUY,44.0,United States of America,Americas,Northern America,2024,5,1,2
AMZN,"Amazon.com, Inc.",Consumer Cyclical,Internet Retail,BUY,43.0,United States of America,Americas,Northern America,2024,2,13,1
GOOG,Alphabet Inc.,Communication Services,Internet Content & Information,BUY,43.0,United States of America,Americas,Northern America,2024,4,29,2
NIO,NIO Inc.,Consumer Cyclical,Auto Manufacturers,BUY,43.0,China,Asia,Eastern Asia,2024,3,5,1
ARM,Arm Holdings plc,Technology,Semiconductors,SELL,43.0,United Kingdom of Great Britain and Northern Ireland,Europe,Northern Europe,2024,2,26,1
AAPL,Apple Inc.,Technology,Consumer Electronics,SELL,43.0,United States of America,Americas,Northern America,2024,1,2,1
AAPL,Apple Inc.,Technology,Consumer Electronics,SELL,43.0,United States of America,Americas,Northern America,2024,6,13,2
,,,,SELL,43.0,,,,2024,4,15,2
TSLA,"Tesla, Inc.",Consumer Cyclical,Auto Manufacturers,SELL,42.0,United States of America,Americas,Northern America,2024,2,8,1
AMZN,"Amazon.com, Inc.",Consumer Cyclical,Internet Retail,SELL,42.0,United States of America,Americas,Northern America,2024,3,25,1
AMD,"Advanced Micro Devices, Inc.",Technology,Semiconductors,SELL,42.0,United States of America,Americas,Northern America,2024,3,12,1
JPM,JP Morgan Chase & Co.,Financial Services,Banks - Diversified,SELL,42.0,United States of America,Americas,Northern America,2024,4,12,2
AMD,"Advanced Micro Devices, Inc.",Technology,Semiconductors,SELL,42.0,United States of America,Americas,Northern America,2024,5,6,2
AMD,"Advanced Micro Devices, Inc.",Technology,Semiconductors,SELL,42.0,United States of America,Americas,Northern America,2024,3,1,1
ALLE,Allegion plc,Industrials,Security & Protection Services,SELL,41.0,Ireland,Europe,Northern Europe,2024,3,6,1
AMD,"Advanced Micro Devices, Inc.",Technology,Semiconductors,SELL,41.0,United States of America,Americas,Northern America,2024,3,14,1
ARM,Arm Holdings plc,Technology,Semiconductors,SELL,41.0,United Kingdom of Great Britain and Northern Ireland,Europe,Northern Europe,2024,5,7,2
DELL,Dell Technologies Inc.,Technology,Computer Hardware,SELL,41.0,United States of America,Americas,Northern America,2024,9,27,3
JPM,JP Morgan Chase & Co.,Financial Services,Banks - Diversified,SELL,41.0,United States of America,Americas,Northern America,2024,5,15,2
AAPL,Apple Inc.,Technology,Consumer Electronics,SELL,41.0,United States of America,Americas,Northern America,2024,1,29,1
CPA,"Copa Holdings, S.A.",Industrials,Airlines,SELL,41.0,Panama,Americas,Latin America and the Caribbean,2024,1,16,1
NIO,NIO Inc.,Consumer Cyclical,Auto Manufacturers,SELL,41.0,China,Asia,Eastern Asia,2024,8,7,3
SBUX,Starbucks Corporation,Consumer Cyclical,Restaurants,SELL,40.0,United States of America,Americas,Northern America,2024,1,17,1
JPM,JP Morgan Chase & Co.,Financial Services,Banks - Diversified,SELL,40.0,United States of America,Americas,Northern America,2024,3,22,1
TSLA,"Tesla, Inc.",Consumer Cyclical,Auto Manufacturers,SELL,40.0,United States of America,Americas,Northern America,2024,2,13,1
JPM,JP Morgan Chase & Co.,Financial Services,Banks - Diversified,SELL,40.0,United States of America,Americas,Northern America,2024,3,14,1
,,,,SELL,39.0,,,,2024,4,4,2
TSLA,"Tesla, Inc.",Consumer Cyclical,Auto Manufacturers,SELL,39.0,United States of America,Americas,Northern America,2024,2,8,1
JPM,JP Morgan Chase & Co.,Financial Services,Banks - Diversified,SELL,39.0,United States of America,Americas,Northern America,2024,4,16,2
JPM,JP Morgan Chase & Co.,Financial Services,Banks - Diversified,SELL,39.0,United States of America,Americas,Northern America,2024,3,7,1
ARM,Arm Holdings plc,Technology,Semiconductors,SELL,39.0,United Kingdom of Great Britain and Northern Ireland,Europe,Northern Europe,2024,3,25,1
,,,,SELL,39.0,,,,2024,3,5,1
TSLA,"Tesla, Inc.",Consumer Cyclical,Auto Manufacturers,SELL,39.0,United States of America,Americas,Northern America,2024,1,29,1
AAPL,Apple Inc.,Technology,Consumer Electronics,SELL,39.0,United States of America,Americas,Northern America,2024,1,25,1
AMD,"Advanced Micro Devices, Inc.",Technology,Semiconductors,SELL,39.0,United States of America,Americas,Northern America,2024,3,15,1
DAL,"Delta Air Lines, Inc.",Industrials,Airlines,SELL,39.0,United States of America,Americas,Northern America,2024,2,8,1
TSLA,"Tesla, Inc.",Consumer Cyclical,Auto Manufacturers,SELL,39.0,United States of America,Americas,Northern America,2024,2,14,1
GOOG,Alphabet Inc.,Communication Services,Internet Content & Information,SELL,39.0,United States of America,Americas,Northern America,2024,11,14,4
AMD,"Advanced Micro Devices, Inc.",Technology,Semiconductors,SELL,38.0,United States of America,Americas,Northern America,2024,2,23,1
AAPL,Apple Inc.,Technology,Consumer Electronics,SELL,38.0,United States of America,Americas,Northern America,2024,3,4,1
,,,,SELL,38.0,,,,2024,5,6,2
AMD,"Advanced Micro Devices, Inc.",Technology,Semiconductors,SELL,38.0,United States of America,Americas,Northern America,2024,8,19,3
NIO,NIO Inc.,Consumer Cyclical,Auto Manufacturers,SELL,38.0,China,Asia,Eastern Asia,2024,9,17,3
AAPL,Apple Inc.,Technology,Consumer Electronics,SELL,38.0,United States of America,Americas,Northern America,2024,2,21,1
AMZN,"Amazon.com, Inc.",Consumer Cyclical,Internet Retail,SELL,37.0,United States of America,Americas,Northern America,2024,4,5,2
AMD,"Advanced Micro Devices, Inc.",Technology,Semiconductors,SELL,37.0,United States of America,Americas,Northern America,2024,1,26,1
TSLA,"Tesla, Inc.",Consumer Cyclical,Auto Manufacturers,SELL,37.0,United States of America,Americas,Northern America,2024,2,6,1
DIS,Walt Disney Company (The),Communication Services,Entertainment,SELL,37.0,United States of America,Americas,Northern America,2024,9,13,3
,,,,SELL,37.0,,,,2024,4,24,2
AMD,"Advanced Micro Devices, Inc.",Technology,Semiconductors,SELL,37.0,United States of America,Americas,Northern America,2024,1,25,1
NIO,NIO Inc.,Consumer Cyclical,Auto Manufacturers,SELL,37.0,China,Asia,Eastern Asia,2024,3,21,1
GOOG,Alphabet Inc.,Communication Services,Internet Content & Information,SELL,37.0,United States of America,Americas,Northern America,2024,7,11,3
NIO,NIO Inc.,Consumer Cyclical,Auto Manufacturers,SELL,37.0,China,Asia,Eastern Asia,2024,5,23,2
AAPL,Apple Inc.,Technology,Consumer Electronics,SELL,37.0,United States of America,Americas,Northern America,2024,3,21,1
AMD,"Advanced Micro Devices, Inc.",Technology,Semiconductors,SELL,36.0,United States of America,Americas,Northern America,2024,2,20,1
AMD,"Advanced Micro Devices, Inc.",Technology,Semiconductors,SELL,36.0,United States of America,Americas,Northern America,2024,2,29,1
AMD,"Advanced Micro Devices, Inc.",Technology,Semiconductors,SELL,36.0,United States of America,Americas,Northern America,2024,2,15,1
TSLA,"Tesla, Inc.",Consumer Cyclical,Auto Manufacturers,SELL,36.0,United States of America,Americas,Northern America,2024,3,8,1
AAPL,Apple Inc.,Technology,Consumer Electronics,SELL,36.0,United States of America,Americas,Northern America,2024,3,18,1
ARM,Arm Holdings plc,Technology,Semiconductors,SELL,36.0,United Kingdom of Great Britain and Northern Ireland,Europe,Northern Europe,2024,9,13,3
AMZN,"Amazon.com, Inc.",Consumer Cyclical,Internet Retail,SELL,35.0,United States of America,Americas,Northern America,2024,4,30,2
,,,,SELL,35.0,,,,2024,3,1,1
AMD,"Advanced Micro Devices, Inc.",Technology,Semiconductors,SELL,35.0,United States of America,Americas,Northern America,2024,1,24,1
AMD,"Advanced Micro Devices, Inc.",Technology,Semiconductors,SELL,35.0,United States of America,Americas,Northern America,2024,2,14,1
AAPL,Apple Inc.,Technology,Consumer Electronics,SELL,35.0,United States of America,Americas,Northern America,2024,4,30,2
NIO,NIO Inc.,Consumer Cyclical,Auto Manufacturers,SELL,35.0,China,Asia,Eastern Asia,2024,5,14,2
ALLE,Allegion plc,Industrials,Security & Protection Services,SELL,35.0,Ireland,Europe,Northern Europe,2024,4,2,2
TSLA,"Tesla, Inc.",Consumer Cyclical,Auto Manufacturers,SELL,35.0,United States of America,Americas,Northern America,2024,3,14,1
AAPL,Apple Inc.,Technology,Consumer Electronics,SELL,35.0,United States of America,Americas,Northern America,2024,5,6,2
AMZN,"Amazon.com, Inc.",Consumer Cyclical,Internet Retail,SELL,35.0,United States of America,Americas,Northern America,2024,3,5,1
GOOG,Alphabet Inc.,Communication Services,Internet Content & Information,SELL,35.0,United States of America,Americas,Northern America,2024,5,7,2
NIO,NIO Inc.,Consumer Cyclical,Auto Manufacturers,SELL,35.0,China,Asia,Eastern Asia,2024,3,7,1
ROIV,Roivant Sciences Ltd.,Healthcare,Biotechnology,BUY,34.0,United Kingdom of Great Britain and Northern Ireland,Europe,Northern Europe,2024,7,17,3
JPM,JP Morgan Chase & Co.,Financial Services,Banks - Diversified,BUY,34.0,United States of America,Americas,Northern America,2024,2,1,1
ARM,Arm Holdings plc,Technology,Semiconductors,BUY,34.0,United Kingdom of Great Britain and Northern Ireland,Europe,Northern Europe,2024,8,2,3
AMZN,"Amazon.com, Inc.",Consumer Cyclical,Internet Retail,BUY,34.0,United States of America,Americas,Northern America,2024,12,19,4
DOLE,Dole plc,Consumer Defensive,Farm Products,BUY,34.0,Ireland,Europe,Northern Europe,2024,4,9,2
ARM,Arm Holdings plc,Technology,Semiconductors,BUY,34.0,United Kingdom of Great Britain and Northern Ireland,Europe,Northern Europe,2024,7,17,3
DOLE,Dole plc,Consumer Defensive,Farm Products,BUY,34.0,Ireland,Europe,Northern Europe,2024,2,26,1
PNR,Pentair plc.,Industrials,Specialty Industrial Machinery,BUY,34.0,United Kingdom of Great Britain and Northern Ireland,Europe,Northern Europe,2024,6,10,2
NIO,NIO Inc.,Consumer Cyclical,Auto Manufacturers,BUY,34.0,China,Asia,Eastern Asia,2024,2,26,1
AMD,"Advanced Micro Devices, Inc.",Technology,Semiconductors,BUY,34.0,United States of America,Americas,Northern America,2024,12,20,4
AMZN,"Amazon.com, Inc.",Consumer Cyclical,Internet Retail,BUY,33.0,United States of America,Americas,Northern America,2024,4,8,2
PNR,Pentair plc.,Industrials,Specialty Industrial Machinery,BUY,33.0,United Kingdom of Great Britain and Northern Ireland,Europe,Northern Europe,2024,6,24,2
ARM,Arm Holdings plc,Technology,Semiconductors,BUY,33.0,United Kingdom of Great Britain and Northern Ireland,Europe,Northern Europe,2024,11,1,4
TSLA,"Tesla, Inc.",Consumer Cyclical,Auto Manufacturers,BUY,33.0,United States of America,Americas,Northern America,2024,1,3,1
TSLA,"Tesla, Inc.",Consumer Cyclical,Auto Manufacturers,BUY,33.0,United States of America,Americas,Northern America,2024,1,5,1
,,,,BUY,33.0,,,,2024,8,16,3
,,,,BUY,33.0,,,,2024,7,24,3
BA,Boeing Company (The),Industrials,Aerospace & Defense,BUY,33.0,United States of America,Americas,Northern America,2024,1,9,1
DOLE,Dole plc,Consumer Defensive,Farm Products,BUY,33.0,Ireland,Europe,Northern Europe,2024,4,2,2
DOLE,Dole plc,Consumer Defensive,Farm Products,BUY,32.0,Ireland,Europe,Northern Europe,2024,4,16,2
AMZN,"Amazon.com, Inc.",Consumer Cyclical,Internet Retail,BUY,32.0,United States of America,Americas,Northern America,2024,12,20,4
TSLA,"Tesla, Inc.",Consumer Cyclical,Auto Manufacturers,BUY,32.0,United States of America,Americas,Northern America,2024,1,16,1
ARM,Arm Holdings plc,Technology,Semiconductors,BUY,32.0,United Kingdom of Great Britain and Northern Ireland,Europe,Northern Europe,2024,5,20,2
AMZN,"Amazon.com, Inc.",Consumer Cyclical,Internet Retail,BUY,31.0,United States of America,Americas,Northern America,2024,12,5,4
AMD,"Advanced Micro Devices, Inc.",Technology,Semiconductors,BUY,31.0,United States of America,Americas,Northern America,2024,4,10,2
ARM,Arm Holdings plc,Technology,Semiconductors,BUY,30.0,United Kingdom of Great Britain and Northern Ireland,Europe,Northern Europe,2024,8,7,3
AMD,"Advanced Micro Devices, Inc.",Technology,Semiconductors,BUY,30.0,United States of America,Americas,Northern America,2024,7,17,3
AMD,"Advanced Micro Devices, Inc.",Technology,Semiconductors,BUY,30.0,United States of America,Americas,Northern America,2024,4,12,2
ARM,Arm Holdings plc,Technology,Semiconductors,BUY,30.0,United Kingdom of Great Britain and Northern Ireland,Europe,Northern Europe,2024,4,17,2
TSLA,"Tesla, Inc.",Consumer Cyclical,Auto Manufacturers,BUY,30.0,United States of America,Americas,Northern America,2024,1,23,1
JPM,JP Morgan Chase & Co.,Financial Services,Banks - Diversified,BUY,30.0,United States of America,Americas,Northern America,2024,4,16,2
DIS,Walt Disney Company (The),Communication Services,Entertainment,BUY,30.0,United States of America,Americas,Northern America,2024,5,8,2
AMD,"Advanced Micro Devices, Inc.",Technology,Semiconductors,BUY,30.0,United States of America,Americas,Northern America,2024,3,7,1
AMD,"Advanced Micro Devices, Inc.",Technology,Semiconductors,BUY,30.0,United States of America,Americas,Northern America,2024,10,16,4
GOOG,Alphabet Inc.,Communication Services,Internet Content & Information,BUY,30.0,United States of America,Americas,Northern America,2024,4,9,2
AMD,"Advanced Micro Devices, Inc.",Technology,Semiconductors,BUY,30.0,United States of America,Americas,Northern America,2024,3,8,1
NIO,NIO Inc.,Consumer Cyclical,Auto Manufacturers,BUY,29.0,China,Asia,Eastern Asia,2024,12,19,4
AMZN,"Amazon.com, Inc.",Consumer Cyclical,Internet Retail,BUY,29.0,United States of America,Americas,Northern America,2024,11,12,4
AMD,"Advanced Micro Devices, Inc.",Technology,Semiconductors,BUY,29.0,United States of America,Americas,Northern America,2024,9,23,3
AMD,"Advanced Micro Devices, Inc.",Technology,Semiconductors,BUY,29.0,United States of America,Americas,Northern America,2024,3,4,1
GOOG,Alphabet Inc.,Communication Services,Internet Content & Information,BUY,29.0,United States of America,Americas,Northern America,2024,4,5,2
AMD,"Advanced Micro Devices, Inc.",Technology,Semiconductors,BUY,29.0,United States of America,Americas,Northern America,2024,3,5,1
,,,,BUY,28.0,,,,2024,12,5,4
DOLE,Dole plc,Consumer Defensive,Farm Products,BUY,28.0,Ireland,Europe,Northern Europe,2024,3,6,1
TSLA,"Tesla, Inc.",Consumer Cyclical,Auto Manufacturers,BUY,28.0,United States of America,Americas,Northern America,2024,2,16,1
ARM,Arm Holdings plc,Technology,Semiconductors,BUY,28.0,United Kingdom of Great Britain and Northern Ireland,Europe,Northern Europe,2024,5,9,2
LIN,Linde plc,Basic Materials,Specialty Chemicals,SELL,28.0,United Kingdom of Great Britain and Northern Ireland,Europe,Northern Europe,2024,7,24,3
JPM,JP Morgan Chase & Co.,Financial Services,Banks - Diversified,SELL,28.0,United States of America,Americas,Northern America,2024,2,13,1
ARM,Arm Holdings plc,Technology,Semiconductors,SELL,28.0,United Kingdom of Great Britain and Northern Ireland,Europe,Northern Europe,2024,8,7,3
AMZN,"Amazon.com, Inc.",Consumer Cyclical,Internet Retail,SELL,28.0,United States of America,Americas,Northern America,2024,12,20,4
ALLE,Allegion plc,Industrials,Security & Protection Services,SELL,28.0,Ireland,Europe,Northern Europe,2024,4,16,2
ARM,Arm Holdings plc,Technology,Semiconductors,SELL,27.0,United Kingdom of Great Britain and Northern Ireland,Europe,Northern Europe,2024,8,16,3
ALLE,Allegion plc,Industrials,Security & Protection Services,SELL,27.0,Ireland,Europe,Northern Europe,2024,3,1,1
IGT,International Game Technology,Consumer Cyclical,Gambling,SELL,27.0,United Kingdom of Great Britain and Northern Ireland,Europe,Northern Europe,2024,6,20,2
NIO,NIO Inc.,Consumer Cyclical,Auto Manufacturers,SELL,27.0,China,Asia,Eastern Asia,2024,2,27,1
AMZN,"Amazon.com, Inc.",Consumer Cyclical,Internet Retail,SELL,27.0,United States of America,Americas,Northern America,2024,4,17,2
IGT,International Game Technology,Consumer Cyclical,Gambling,SELL,27.0,United Kingdom of Great Britain and Northern Ireland,Europe,Northern Europe,2024,6,26,2
ARM,Arm Holdings plc,Technology,Semiconductors,SELL,27.0,United Kingdom of Great Britain and Northern Ireland,Europe,Northern Europe,2024,11,7,4
TSLA,"Tesla, Inc.",Consumer Cyclical,Auto Manufacturers,SELL,27.0,United States of America,Americas,Northern America,2024,1,4,1
TSLA,"Tesla, Inc.",Consumer Cyclical,Auto Manufacturers,SELL,27.0,United States of America,Americas,Northern America,2024,1,9,1
,,,,SELL,27.0,,,,2024,10,15,4
,,,,SELL,27.0,,,,2024,8,16,3
BA,Boeing Company (The),Industrials,Aerospace & Defense,SELL,27.0,United States of America,Americas,Northern America,2024,1,10,1
ALLE,Allegion plc,Industrials,Security & Protection Services,SELL,27.0,Ireland,Europe,Northern Europe,2024,4,9,2
ALLE,Allegion plc,Industrials,Security & Protection Services,SELL,27.0,Ireland,Europe,Northern Europe,2024,4,23,2
AMZN,"Amazon.com, Inc.",Consumer Cyclical,Internet Retail,SELL,26.0,United States of America,Americas,Northern America,2024,12,30,4
TSLA,"Tesla, Inc.",Consumer Cyclical,Auto Manufacturers,SELL,26.0,United States of America,Americas,Northern America,2024,1,16,1
ARM,Arm Holdings plc,Technology,Semiconductors,SELL,26.0,United Kingdom of Great Britain and Northern Ireland,Europe,Northern Europe,2024,5,21,2
AMZN,"Amazon.com, Inc.",Consumer Cyclical,Internet Retail,SELL,26.0,United States of America,Americas,Northern America,2024,12,17,4
AMD,"Advanced Micro Devices, Inc.",Technology,Semiconductors,SELL,26.0,United States of America,Americas,Northern America,2024,4,12,2
ARM,Arm Holdings plc,Technology,Semiconductors,SELL,26.0,United Kingdom of Great Britain and Northern Ireland,Europe,Northern Europe,2024,8,12,3
AMD,"Advanced Micro Devices, Inc.",Technology,Semiconductors,SELL,26.0,United States of America,Americas,Northern America,2024,7,24,3
AMD,"Advanced Micro Devices, Inc.",Technology,Semiconductors,SELL,26.0,United States of America,Americas,Northern America,2024,4,17,2
ARM,Arm Holdings plc,Technology,Semiconductors,SELL,26.0,United Kingdom of Great Britain and Northern Ireland,Europe,Northern Europe,2024,5,7,2
TSLA,"Tesla, Inc.",Consumer Cyclical,Auto Manufacturers,SELL,26.0,United States of America,Americas,Northern America,2024,1,23,1
JPM,JP Morgan Chase & Co.,Financial Services,Banks - Diversified,SELL,26.0,United States of America,Americas,Northern America,2024,4,19,2
DIS,Walt Disney Company (The),Communication Services,Entertainment,SELL,26.0,United States of America,Americas,Northern America,2024,8,16,3
AMD,"Advanced Micro Devices, Inc.",Technology,Semiconductors,SELL,26.0,United States of America,Americas,Northern America,2024,3,8,1
AMD,"Advanced Micro Devices, Inc.",Technology,Semiconductors,SELL,26.0,United States of America,Americas,Northern America,2024,10,22,4
GOOG,Alphabet Inc.,Communication Services,Internet Content & Information,SELL,26.0,United States of America,Americas,Northern America,2024,4,24,2
AMD,"Advanced Micro Devices, Inc.",Technology,Semiconductors,SELL,26.0,United States of America,Americas,Northern America,2024,3,11,1
NIO,NIO Inc.,Consumer Cyclical,Auto Manufacturers,SELL,25.0,China,Asia,Eastern Asia,2024,12,20,4
AMZN,"Amazon.com, Inc.",Consumer Cyclical,Internet Retail,SELL,25.0,United States of America,Americas,Northern America,2024,11,14,4
AMD,"Advanced Micro Devices, Inc.",Technology,Semiconductors,SELL,25.0,United States of America,Americas,Northern America,2024,9,27,3
ALLE,Allegion plc,Industrials,Security & Protection Services,SELL,25.0,Ireland,Europe,Northern Europe,2024,3,28,1
AMD,"Advanced Micro Devices, Inc.",Technology,Semiconductors,SELL,25.0,United States of America,Americas,Northern America,2024,3,5,1
GOOG,Alphabet Inc.,Communication Services,Internet Content & Information,SELL,25.0,United States of America,Americas,Northern America,2024,4,9,2
AMD,"Advanced Micro Devices, Inc.",Technology,Semiconductors,SELL,25.0,United States of America,Americas,Northern America,2024,3,6,1
,,,,SELL,25.0,,,,2024,12,6,4
ALLE,Allegion plc,Industrials,Security & Protection Services,SELL,25.0,Ireland,Europe,Northern Europe,2024,3,8,1
TSLA,"Tesla, Inc.",Consumer Cyclical,Auto Manufacturers,SELL,25.0,United States of America,Americas,Northern America,2024,2,20,1
ARM,Arm Holdings plc,Technology,Semiconductors,SELL,25.0,United Kingdom of Great Britain and Northern Ireland,Europe,Northern Europe,2024,5,9,2
GOOG,Alphabet Inc.,Communication Services,Internet Content & Information,BUY,25.0,United States of America,Americas,Northern America,2024,7,16,3
GRMN,Garmin Ltd.,Technology,Scientific & Technical Instruments,BUY,25.0,Switzerland,Europe,Western Europe,2024,1,25,1
MSFT,Microsoft Corporation,Technology,Software - Infrastructure,BUY,25.0,United States of America,Americas,Northern America,2024,1,31,1
ARM,Arm Holdings plc,Technology,Semiconductors,BUY,24.0,United Kingdom of Great Britain and Northern Ireland,Europe,Northern Europe,2024,10,16,4
AMD,"Advanced Micro Devices, Inc.",Technology,Semiconductors,BUY,24.0,United States of America,Americas,Northern America,2024,10,30,4
ARM,Arm Holdings plc,Technology,Semiconductors,BUY,24.0,United Kingdom of Great Britain and Northern Ireland,Europe,Northern Europe,2024,3,26,1
ONON,On Holding AG,Consumer Cyclical,Footwear & Accessories,BUY,24.0,Switzerland,Europe,Western Europe,2024,3,26,1
AMD,"Advanced Micro Devices, Inc.",Technology,Semiconductors,BUY,24.0,United States of America,Americas,Northern America,2024,10,10,4
,,,,BUY,24.0,,,,2024,6,11,2
AMD,"Advanced Micro Devices, Inc.",Technology,Semiconductors,BUY,233.0,United States of America,Americas,Northern America,2024,5,29,2
DOLE,Dole plc,Consumer Defensive,Farm Products,BUY,222.0,Ireland,Europe,Northern Europe,2024,9,24,3
MSFT,Microsoft Corporation,Technology,Software - Infrastructure,BUY,222.0,United States of America,Americas,Northern America,2024,2,6,1
ONON,On Holding AG,Consumer Cyclical,Footwear & Accessories,BUY,222.0,Switzerland,Europe,Western Europe,2024,2,12,1
MSFT,Microsoft Corporation,Technology,Software - Infrastructure,BUY,221.0,United States of America,Americas,Northern America,2024,2,13,1
XYZ,"Block, Inc.",Technology,Software - Infrastructure,BUY,217.0,United States of America,Americas,Northern America,2024,4,1,2
ONON,On Holding AG,Consumer Cyclical,Footwear & Accessories,BUY,217.0,Switzerland,Europe,Western Europe,2024,2,13,1
AMZN,"Amazon.com, Inc.",Consumer Cyclical,Internet Retail,BUY,215.0,United States of America,Americas,Northern America,2024,8,2,3
ONON,On Holding AG,Consumer Cyclical,Footwear & Accessories,BUY,215.0,Switzerland,Europe,Western Europe,2024,2,8,1
DOLE,Dole plc,Consumer Defensive,Farm Products,BUY,214.0,Ireland,Europe,Northern Europe,2024,6,28,2
DOLE,Dole plc,Consumer Defensive,Farm Products,BUY,214.0,Ireland,Europe,Northern Europe,2024,6,14,2
ONON,On Holding AG,Consumer Cyclical,Footwear & Accessories,BUY,202.0,Switzerland,Europe,Western Europe,2024,2,8,1
ONON,On Holding AG,Consumer Cyclical,Footwear & Accessories,BUY,202.0,Switzerland,Europe,Western Europe,2024,3,15,1
ONON,On Holding AG,Consumer Cyclical,Footwear & Accessories,BUY,199.0,Switzerland,Europe,Western Europe,2024,3,11,1
ONON,On Holding AG,Consumer Cyclical,Footwear & Accessories,BUY,199.0,Switzerland,Europe,Western Europe,2024,2,13,1
ARM,Arm Holdings plc,Technology,Semiconductors,BUY,198.0,United Kingdom of Great Britain and Northern Ireland,Europe,Northern Europe,2024,7,1,3
AMCR,Amcor plc,Consumer Cyclical,Packaging & Containers,BUY,198.0,Switzerland,Europe,Western Europe,2024,2,22,1
CVE,Cenovus Energy Inc,Energy,Oil & Gas Integrated,BUY,198.0,Canada,Americas,Northern America,2024,11,14,4
AMD,"Advanced Micro Devices, Inc.",Technology,Semiconductors,BUY,198.0,United States of America,Americas,Northern America,2024,5,7,2
AMD,"Advanced Micro Devices, Inc.",Technology,Semiconductors,BUY,195.0,United States of America,Americas,Northern America,2024,7,1,3
AMD,"Advanced Micro Devices, Inc.",Technology,Semiconductors,BUY,195.0,United States of America,Americas,Northern America,2024,4,17,2
,,,,BUY,190.0,,,,2024,5,29,2
AMD,"Advanced Micro Devices, Inc.",Technology,Semiconductors,BUY,185.0,United States of America,Americas,Northern America,2024,10,22,4
TCX,Tucows Inc.,Technology,Software - Infrastructure,BUY,185.0,Canada,Americas,Northern America,2024,1,30,1
,,,,BUY,185.0,,,,2024,5,20,2
ARM,Arm Holdings plc,Technology,Semiconductors,BUY,177.0,United Kingdom of Great Britain and Northern Ireland,Europe,Northern Europe,2024,6,24,2
DELL,Dell Technologies Inc.,Technology,Computer Hardware,BUY,177.0,United States of America,Americas,Northern America,2024,9,27,3
AMCR,Amcor plc,Consumer Cyclical,Packaging & Containers,BUY,155.0,Switzerland,Europe,Western Europe,2024,1,24,1
NIO,NIO Inc.,Consumer Cyclical,Auto Manufacturers,BUY,155.0,China,Asia,Eastern Asia,2024,7,17,3
AMCR,Amcor plc,Consumer Cyclical,Packaging & Containers,BUY,147.0,Switzerland,Europe,Western Europe,2024,1,25,1
AMCR,Amcor plc,Consumer Cyclical,Packaging & Containers,BUY,147.0,Switzerland,Europe,Western Europe,2024,1,24,1
AMCR,Amcor plc,Consumer Cyclical,Packaging & Containers,BUY,146.0,Switzerland,Europe,Western Europe,2024,2,6,1
AMCR,Amcor plc,Consumer Cyclical,Packaging & Containers,BUY,146.0,Switzerland,Europe,Western Europe,2024,1,31,1
AMD,"Advanced Micro Devices, Inc.",Technology,Semiconductors,BUY,144.0,United States of America,Americas,Northern America,2024,4,19,2
AMCR,Amcor plc,Consumer Cyclical,Packaging & Containers,BUY,144.0,Switzerland,Europe,Western Europe,2024,1,26,1
AMD,"Advanced Micro Devices, Inc.",Technology,Semiconductors,BUY,136.0,United States of America,Americas,Northern America,2024,1,11,1
NEE,"NextEra Energy, Inc.",Utilities,Utilities - Regulated Electric,BUY,136.0,United States of America,Americas,Northern America,2024,1,17,1
CRM,"Salesforce, Inc.",Technology,Software - Application,BUY,135.0,United States of America,Americas,Northern America,2024,2,6,1
ARM,Arm Holdings plc,Technology,Semiconductors,BUY,135.0,United Kingdom of Great Britain and Northern Ireland,Europe,Northern Europe,2024,6,11,2
AMD,"Advanced Micro Devices, Inc.",Technology,Semiconductors,BUY,135.0,United States of America,Americas,Northern America,2024,11,12,4
,,,,BUY,135.0,,,,2024,5,7,2
DELL,Dell Technologies Inc.,Technology,Computer Hardware,BUY,133.0,United States of America,Americas,Northern America,2024,6,25,2
CRM,"Salesforce, Inc.",Technology,Software - Application,BUY,133.0,United States of America,Americas,Northern America,2024,1,24,1
AMD,"Advanced Micro Devices, Inc.",Technology,Semiconductors,BUY,132.0,United States of America,Americas,Northern America,2024,9,3,3
MSFT,Microsoft Corporation,Technology,Software - Infrastructure,BUY,132.0,United States of America,Americas,Northern America,2024,11,21,4
GDDY,GoDaddy Inc.,Technology,Software - Infrastructure,BUY,129.0,United States of America,Americas,Northern America,2024,5,28,2
GOOG,Alphabet Inc.,Communication Services,Internet Content & Information,BUY,129.0,United States of America,Americas,Northern America,2024,8,16,3
PNR,Pentair plc.,Industrials,Specialty Industrial Machinery,BUY,129.0,United Kingdom of Great Britain and Northern Ireland,Europe,Northern Europe,2024,12,9,4
SPOT,Spotify Technology S.A.,Communication Services,Internet Content & Information,BUY,129.0,Luxembourg,Europe,Western Europe,2024,3,26,1
AIZ,"Assurant, Inc.",Financial Services,Insurance - Property & Casualty,BUY,128.0,United States of America,Americas,Northern America,2024,1,9,1
PNR,Pentair plc.,Industrials,Specialty Industrial Machinery,BUY,128.0,United Kingdom of Great Britain and Northern Ireland,Europe,Northern Europe,2024,10,16,4
AMD,"Advanced Micro Devices, Inc.",Technology,Semiconductors,BUY,125.0,United States of America,Americas,Northern America,2024,12,9,4
NIO,NIO Inc.,Consumer Cyclical,Auto Manufacturers,BUY,123.0,China,Asia,Eastern Asia,2024,5,29,2
ARM,Arm Holdings plc,Technology,Semiconductors,BUY,123.0,United Kingdom of Great Britain and Northern Ireland,Europe,Northern Europe,2024,3,18,1
TCX,Tucows Inc.,Technology,Software - Infrastructure,BUY,122.0,Canada,Americas,Northern America,2024,2,13,1
ARM,Arm Holdings plc,Technology,Semiconductors,BUY,122.0,United Kingdom of Great Britain and Northern Ireland,Europe,Northern Europe,2024,3,15,1
PNR,Pentair plc.,Industrials,Specialty Industrial Machinery,BUY,115.0,United Kingdom of Great Britain and Northern Ireland,Europe,Northern Europe,2024,7,15,3
ARM,Arm Holdings plc,Technology,Semiconductors,BUY,107.0,United Kingdom of Great Britain and Northern Ireland,Europe,Northern Europe,2024,8,1,3
NIO,NIO Inc.,Consumer Cyclical,Auto Manufacturers,BUY,107.0,China,Asia,Eastern Asia,2024,8,2,3
PNR,Pentair plc.,Industrials,Specialty Industrial Machinery,BUY,103.0,United Kingdom of Great Britain and Northern Ireland,Europe,Northern Europe,2024,6,28,2
TSLA,"Tesla, Inc.",Consumer Cyclical,Auto Manufacturers,BUY,101.0,United States of America,Americas,Northern America,2024,3,4,1
ARM,Arm Holdings plc,Technology,Semiconductors,BUY,101.0,United Kingdom of Great Britain and Northern Ireland,Europe,Northern Europe,2024,3,19,1
AMCR,Amcor plc,Consumer Cyclical,Packaging & Containers,SELL,96.0,Switzerland,Europe,Western Europe,2024,1,29,1
MSFT,Microsoft Corporation,Technology,Software - Infrastructure,SELL,96.0,United States of America,Americas,Northern America,2024,2,5,1
ARM,Arm Holdings plc,Technology,Semiconductors,SELL,93.0,United Kingdom of Great Britain and Northern Ireland,Europe,Northern Europe,2024,10,23,4
AMD,"Advanced Micro Devices, Inc.",Technology,Semiconductors,SELL,93.0,United States of America,Americas,Northern America,2024,10,31,4
ARM,Arm Holdings plc,Technology,Semiconductors,SELL,93.0,United Kingdom of Great Britain and Northern Ireland,Europe,Northern Europe,2024,6,6,2
MLTX,MoonLake Immunotherapeutics,Healthcare,Biotechnology,SELL,92.0,Switzerland,Europe,Western Europe,2024,3,27,1
AMD,"Advanced Micro Devices, Inc.",Technology,Semiconductors,SELL,92.0,United States of America,Americas,Northern America,2024,10,15,4
,,,,SELL,92.0,,,,2024,6,12,2
AMD,"Advanced Micro Devices, Inc.",Technology,Semiconductors,SELL,91.0,United States of America,Americas,Northern America,2024,6,28,2
ALLE,Allegion plc,Industrials,Security & Protection Services,SELL,91.0,Ireland,Europe,Northern Europe,2024,11,15,4
MSFT,Microsoft Corporation,Technology,Software - Infrastructure,SELL,91.0,United States of America,Americas,Northern America,2024,2,13,1
MLTX,MoonLake Immunotherapeutics,Healthcare,Biotechnology,SELL,91.0,Switzerland,Europe,Western Europe,2024,2,13,1
MSFT,Microsoft Corporation,Technology,Software - Infrastructure,SELL,91.0,United States of America,Americas,Northern America,2024,3,5,1
XYZ,"Block, Inc.",Technology,Software - Infrastructure,SELL,87.0,United States of America,Americas,Northern America,2024,4,4,2
MLTX,MoonLake Immunotherapeutics,Healthcare,Biotechnology,SELL,87.0,Switzerland,Europe,Western Europe,2024,2,15,1
AMZN,"Amazon.com, Inc.",Consumer Cyclical,Internet Retail,SELL,84.0,United States of America,Americas,Northern America,2024,8,22,3
MLTX,MoonLake Immunotherapeutics,Healthcare,Biotechnology,SELL,84.0,Switzerland,Europe,Western Europe,2024,2,9,1
ALLE,Allegion plc,Industrials,Security & Protection Services,SELL,84.0,Ireland,Europe,Northern Europe,2024,7,4,3
ALLE,Allegion plc,Industrials,Security & Protection Services,SELL,83.0,Ireland,Europe,Northern Europe,2024,6,21,2
MLTX,MoonLake Immunotherapeutics,Healthcare,Biotechnology,SELL,83.0,Switzerland,Europe,Western Europe,2024,2,9,1
MLTX,MoonLake Immunotherapeutics,Healthcare,Biotechnology,SELL,82.0,Switzerland,Europe,Western Europe,2024,3,22,1
MLTX,MoonLake Immunotherapeutics,Healthcare,Biotechnology,SELL,82.0,Switzerland,Europe,Western Europe,2024,3,12,1
MLTX,MoonLake Immunotherapeutics,Healthcare,Biotechnology,SELL,82.0,Switzerland,Europe,Western Europe,2024,2,13,1
ARM,Arm Holdings plc,Technology,Semiconductors,SELL,81.0,United Kingdom of Great Britain and Northern Ireland,Europe,Northern Europe,2024,7,9,3
MLTX,MoonLake Immunotherapeutics,Healthcare,Biotechnology,SELL,81.0,Switzerland,Europe,Western Europe,2024,2,27,1
CVE,Cenovus Energy Inc,Energy,Oil & Gas Integrated,SELL,80.0,Canada,Americas,Northern America,2024,12,2,4
AMD,"Advanced Micro Devices, Inc.",Technology,Semiconductors,SELL,80.0,United States of America,Americas,Northern America,2024,5,20,2
AMD,"Advanced Micro Devices, Inc.",Technology,Semiconductors,SELL,75.0,United States of America,Americas,Northern America,2024,7,11,3
AMD,"Advanced Micro Devices, Inc.",Technology,Semiconductors,SELL,75.0,United States of America,Americas,Northern America,2024,4,24,2
,,,,SELL,74.0,,,,2024,6,6,2
AMD,"Advanced Micro Devices, Inc.",Technology,Semiconductors,SELL,74.0,United States of America,Americas,Northern America,2024,10,30,4
TCX,Tucows Inc.,Technology,Software - Infrastructure,SELL,73.0,Canada,Americas,Northern America,2024,2,13,1
,,,,SELL,73.0,,,,2024,5,24,2
ARM,Arm Holdings plc,Technology,Semiconductors,SELL,71.0,United Kingdom of Great Britain and Northern Ireland,Europe,Northern Europe,2024,6,27,2
DELL,Dell Technologies Inc.,Technology,Computer Hardware,SELL,71.0,United States of America,Americas,Northern America,2024,9,30,3
MLTX,MoonLake Immunotherapeutics,Healthcare,Biotechnology,SELL,69.0,Switzerland,Europe,Western Europe,2024,1,25,1
NIO,NIO Inc.,Consumer Cyclical,Auto Manufacturers,SELL,69.0,China,Asia,Eastern Asia,2024,8,12,3
MLTX,MoonLake Immunotherapeutics,Healthcare,Biotechnology,SELL,68.0,Switzerland,Europe,Western Europe,2024,1,25,1
MLTX,MoonLake Immunotherapeutics,Healthcare,Biotechnology,SELL,68.0,Switzerland,Europe,Western Europe,2024,1,24,1
MLTX,MoonLake Immunotherapeutics,Healthcare,Biotechnology,SELL,67.0,Switzerland,Europe,Western Europe,2024,2,8,1
MLTX,MoonLake Immunotherapeutics,Healthcare,Biotechnology,SELL,67.0,Switzerland,Europe,Western Europe,2024,2,5,1
AMD,"Advanced Micro Devices, Inc.",Technology,Semiconductors,SELL,63.0,United States of America,Americas,Northern America,2024,4,23,2
MLTX,MoonLake Immunotherapeutics,Healthcare,Biotechnology,SELL,63.0,Switzerland,Europe,Western Europe,2024,1,31,1
AMD,"Advanced Micro Devices, Inc.",Technology,Semiconductors,SELL,62.0,United States of America,Americas,Northern America,2024,1,12,1
NEE,"NextEra Energy, Inc.",Utilities,Utilities - Regulated Electric,SELL,62.0,United States of America,Americas,Northern America,2024,2,5,1
CRM,"Salesforce, Inc.",Technology,Software - Application,SELL,62.0,United States of America,Americas,Northern America,2024,2,8,1
ARM,Arm Holdings plc,Technology,Semiconductors,SELL,62.0,United Kingdom of Great Britain and Northern Ireland,Europe,Northern Europe,2024,6,12,2
AMD,"Advanced Micro Devices, Inc.",Technology,Semiconductors,SELL,61.0,United States of America,Americas,Northern America,2024,11,15,4
,,,,SELL,61.0,,,,2024,5,13,2
DELL,Dell Technologies Inc.,Technology,Computer Hardware,SELL,60.0,United States of America,Americas,Northern America,2024,7,24,3
CRM,"Salesforce, Inc.",Technology,Software - Application,SELL,60.0,United States of America,Americas,Northern America,2024,1,26,1
AMD,"Advanced Micro Devices, Inc.",Technology,Semiconductors,SELL,60.0,United States of America,Americas,Northern America,2024,9,6,3
MSFT,Microsoft Corporation,Technology,Software - Infrastructure,SELL,60.0,United States of America,Americas,Northern America,2024,12,12,4
GDDY,GoDaddy Inc.,Technology,Software - Infrastructure,SELL,60.0,United States of America,Americas,Northern America,2024,6,11,2
GOOG,Alphabet Inc.,Communication Services,Internet Content & Information,SELL,60.0,United States of America,Americas,Northern America,2024,10,30,4
IGT,International Game Technology,Consumer Cyclical,Gambling,SELL,58.0,United Kingdom of Great Britain and Northern Ireland,Europe,Northern Europe,2024,12,13,4
SPOT,Spotify Technology S.A.,Communication Services,Internet Content & Information,SELL,58.0,Luxembourg,Europe,Western Europe,2024,4,3,2
AIZ,"Assurant, Inc.",Financial Services,Insurance - Property & Casualty,SELL,58.0,United States of America,Americas,Northern America,2024,1,12,1
IGT,International Game Technology,Consumer Cyclical,Gambling,SELL,58.0,United Kingdom of Great Britain and Northern Ireland,Europe,Northern Europe,2024,10,17,4
AMD,"Advanced Micro Devices, Inc.",Technology,Semiconductors,SELL,58.0,United States of America,Americas,Northern America,2024,12,10,4
NIO,NIO Inc.,Consumer Cyclical,Auto Manufacturers,SELL,58.0,China,Asia,Eastern Asia,2024,6,19,2
ARM,Arm Holdings plc,Technology,Semiconductors,SELL,58.0,United Kingdom of Great Britain and Northern Ireland,Europe,Northern Europe,2024,3,18,1
ARM,Arm Holdings plc,Technology,Semiconductors,SELL,58.0,United Kingdom of Great Britain and Northern Ireland,Europe,Northern Europe,2024,3,18,1
IGT,International Game Technology,Consumer Cyclical,Gambling,SELL,58.0,United Kingdom of Great Britain and Northern Ireland,Europe,Northern Europe,2024,7,24,3
ARM,Arm Holdings plc,Technology,Semiconductors,SELL,57.0,United Kingdom of Great Britain and Northern Ireland,Europe,Northern Europe,2024,8,16,3
NIO,NIO Inc.,Consumer Cyclical,Auto Manufacturers,SELL,57.0,China,Asia,Eastern Asia,2024,8,12,3
IGT,International Game Technology,Consumer Cyclical,Gambling,SELL,56.0,United Kingdom of Great Britain and Northern Ireland,Europe,Northern Europe,2024,7,9,3
TSLA,"Tesla, Inc.",Consumer Cyclical,Auto Manufacturers,SELL,56.0,United States of America,Americas,Northern America,2024,3,5,1
ARM,Arm Holdings plc,Technology,Semiconductors,SELL,56.0,United Kingdom of Great Britain and Northern Ireland,Europe,Northern Europe,2024,3,20,1
GRMN,Garmin Ltd.,Technology,Scientific & Technical Instruments,BUY,56.0,Switzerland,Europe,Western Europe,2024,2,15,1
BA,Boeing Company (The),Industrials,Aerospace & Defense,BUY,56.0,United States of America,Americas,Northern America,2024,1,8,1
MSFT,Microsoft Corporation,Technology,Software - Infrastructure,BUY,56.0,United States of America,Americas,Northern America,2024,12,19,4
CVE,Cenovus Energy Inc,Energy,Oil & Gas Integrated,BUY,56.0,Canada,Americas,Northern America,2024,5,22,2
SPOT,Spotify Technology S.A.,Communication Services,Internet Content & Information,BUY,56.0,Luxembourg,Europe,Western Europe,2024,4,9,2
ROIV,Roivant Sciences Ltd.,Healthcare,Biotechnology,BUY,56.0,United Kingdom of Great Britain and Northern Ireland,Europe,Northern Europe,2024,8,5,3
FINV,FinVolution Group,Financial Services,Credit Services,BUY,56.0,China,Asia,Eastern Asia,2024,1,29,1
SPOT,Spotify Technology S.A.,Communication Services,Internet Content & Information,BUY,55.0,Luxembourg,Europe,Western Europe,2024,4,16,2
TSLA,"Tesla, Inc.",Consumer Cyclical,Auto Manufacturers,BUY,55.0,United States of America,Americas,Northern America,2024,5,7,2
FINV,FinVolution Group,Financial Services,Credit Services,BUY,55.0,China,Asia,Eastern Asia,2024,3,4,1
FINV,FinVolution Group,Financial Services,Credit Services,BUY,55.0,China,Asia,Eastern Asia,2024,3,19,1
PNR,Pentair plc.,Industrials,Specialty Industrial Machinery,BUY,55.0,United Kingdom of Great Britain and Northern Ireland,Europe,Northern Europe,2024,1,31,1
FINV,FinVolution Group,Financial Services,Credit Services,BUY,55.0,China,Asia,Eastern Asia,2024,4,23,2
FINV,FinVolution Group,Financial Services,Credit Services,BUY,55.0,China,Asia,Eastern Asia,2024,3,14,1
FINV,FinVolution Group,Financial Services,Credit Services,BUY,55.0,China,Asia,Eastern Asia,2024,2,26,1
FINV,FinVolution Group,Financial Services,Credit Services,BUY,54.0,China,Asia,Eastern Asia,2024,3,11,1
PNR,Pentair plc.,Industrials,Specialty Industrial Machinery,BUY,54.0,United Kingdom of Great Britain and Northern Ireland,Europe,Northern Europe,2024,1,3,1
MA,Mastercard Incorporated,Financial Services,Credit Services,BUY,53.0,United States of America,Americas,Northern America,2024,2,29,1
FINV,FinVolution Group,Financial Services,Credit Services,BUY,53.0,China,Asia,Eastern Asia,2024,2,16,1
AAPL,Apple Inc.,Technology,Consumer Electronics,BUY,53.0,United States of America,Americas,Northern America,2024,7,15,3
FINV,FinVolution Group,Financial Services,Credit Services,BUY,53.0,China,Asia,Eastern Asia,2024,2,12,1
FINV,FinVolution Group,Financial Services,Credit Services,BUY,52.0,China,Asia,Eastern Asia,2024,2,14,1
CVE,Cenovus Energy Inc,Energy,Oil & Gas Integrated,BUY,52.0,Canada,Americas,Northern America,2024,10,16,4
CVAC,CureVac N.V.,Healthcare,Biotechnology,BUY,52.0,Germany,Europe,Western Europe,2024,3,8,1
MA,Mastercard Incorporated,Financial Services,Credit Services,BUY,52.0,United States of America,Americas,Northern America,2024,2,12,1
SPOT,Spotify Technology S.A.,Communication Services,Internet Content & Information,BUY,52.0,Luxembourg,Europe,Western Europe,2024,12,19,4
MA,Mastercard Incorporated,Financial Services,Credit Services,BUY,51.0,United States of America,Americas,Northern America,2024,2,20,1
CVE,Cenovus Energy Inc,Energy,Oil & Gas Integrated,BUY,51.0,Canada,Americas,Northern America,2024,12,19,4
MA,Mastercard Incorporated,Financial Services,Credit Services,BUY,50.0,United States of America,Americas,Northern America,2024,1,31,1
DELL,Dell Technologies Inc.,Technology,Computer Hardware,BUY,50.0,United States of America,Americas,Northern America,2024,9,3,3
MA,Mastercard Incorporated,Financial Services,Credit Services,BUY,50.0,United States of America,Americas,Northern America,2024,5,1,2
MSFT,Microsoft Corporation,Technology,Software - Infrastructure,BUY,50.0,United States of America,Americas,Northern America,2024,12,20,4
GRMN,Garmin Ltd.,Technology,Scientific & Technical Instruments,BUY,50.0,Switzerland,Europe,Western Europe,2024,3,12,1
META,"Meta Platforms, Inc.",Communication Services,Internet Content & Information,BUY,50.0,United States of America,Americas,Northern America,2024,4,25,2
PNR,Pentair plc.,Industrials,Specialty Industrial Machinery,BUY,50.0,United Kingdom of Great Britain and Northern Ireland,Europe,Northern Europe,2024,9,3,3
GRMN,Garmin Ltd.,Technology,Scientific & Technical Instruments,BUY,50.0,Switzerland,Europe,Western Europe,2024,3,7,1
PNR,Pentair plc.,Industrials,Specialty Industrial Machinery,BUY,49.0,United Kingdom of Great Britain and Northern Ireland,Europe,Northern Europe,2024,1,11,1
PNR,Pentair plc.,Industrials,Specialty Industrial Machinery,BUY,49.0,United Kingdom of Great Britain and Northern Ireland,Europe,Northern Europe,2024,1,11,1
GRMN,Garmin Ltd.,Technology,Scientific & Technical Instruments,BUY,49.0,Switzerland,Europe,Western Europe,2024,3,8,1
NIO,NIO Inc.,Consumer Cyclical,Auto Manufacturers,BUY,49.0,China,Asia,Eastern Asia,2024,11,13,4
AAPL,Apple Inc.,Technology,Consumer Electronics,BUY,48.0,United States of America,Americas,Northern America,2024,6,18,2
GRMN,Garmin Ltd.,Technology,Scientific & Technical Instruments,BUY,48.0,Switzerland,Europe,Western Europe,2024,2,28,1
GRMN,Garmin Ltd.,Technology,Scientific & Technical Instruments,BUY,48.0,Switzerland,Europe,Western Europe,2024,2,20,1
MSFT,Microsoft Corporation,Technology,Software - Infrastructure,BUY,48.0,United States of America,Americas,Northern America,2024,11,12,4
RGA,"Reinsurance Group of America, I",Financial Services,Insurance - Reinsurance,BUY,48.0,United States of America,Americas,Northern America,2024,8,2,3
CVE,Cenovus Energy Inc,Energy,Oil & Gas Integrated,BUY,48.0,Canada,Americas,Northern America,2024,4,1,2
GRMN,Garmin Ltd.,Technology,Scientific & Technical Instruments,BUY,47.0,Switzerland,Europe,Western Europe,2024,3,4,1
RGA,"Reinsurance Group of America, I",Financial Services,Insurance - Reinsurance,BUY,47.0,United States of America,Americas,Northern America,2024,5,28,2
MSFT,Microsoft Corporation,Technology,Software - Infrastructure,BUY,47.0,United States of America,Americas,Northern America,2024,3,15,1
GRMN,Garmin Ltd.,Technology,Scientific & Technical Instruments,BUY,47.0,Switzerland,Europe,Western Europe,2024,4,9,2
SPOT,Spotify Technology S.A.,Communication Services,Internet Content & Information,BUY,46.0,Luxembourg,Europe,Western Europe,2024,4,5,2
V,Visa Inc.,Financial Services,Credit Services,BUY,46.0,United States of America,Americas,Northern America,2024,11,12,4
MSFT,Microsoft Corporation,Technology,Software - Infrastructure,BUY,46.0,United States of America,Americas,Northern America,2024,11,1,4
RGA,"Reinsurance Group of America, I",Financial Services,Insurance - Reinsurance,BUY,46.0,United States of America,Americas,Northern America,2024,5,8,2
MSFT,Microsoft Corporation,Technology,Software - Infrastructure,BUY,46.0,United States of America,Americas,Northern America,2024,6,4,2
CVE,Cenovus Energy Inc,Energy,Oil & Gas Integrated,BUY,46.0,Canada,Americas,Northern America,2024,2,27,1
JPM,JP Morgan Chase & Co.,Financial Services,Banks - Diversified,BUY,46.0,United States of America,Americas,Northern America,2024,5,20,2
CVE,Cenovus Energy Inc,Energy,Oil & Gas Integrated,BUY,46.0,Canada,Americas,Northern America,2024,4,25,2
,,,,BUY,46.0,,,,2024,10,18,4
ONON,On Holding AG,Consumer Cyclical,Footwear & Accessories,BUY,45.0,Switzerland,Europe,Western Europe,2024,4,16,2
MSFT,Microsoft Corporation,Technology,Software - Infrastructure,BUY,45.0,United States of America,Americas,Northern America,2024,3,5,1
JPM,JP Morgan Chase & Co.,Financial Services,Banks - Diversified,BUY,45.0,United States of America,Americas,Northern America,2024,8,2,3
CVE,Cenovus Energy Inc,Energy,Oil & Gas Integrated,BUY,45.0,Canada,Americas,Northern America,2024,4,16,2
,,,,BUY,45.0,,,,2024,12,9,4
ONON,On Holding AG,Consumer Cyclical,Footwear & Accessories,BUY,45.0,Switzerland,Europe,Western Europe,2024,3,5,1
ONON,On Holding AG,Consumer Cyclical,Footwear & Accessories,BUY,45.0,Switzerland,Europe,Western Europe,2024,2,5,1
MSFT,Microsoft Corporation,Technology,Software - Infrastructure,BUY,45.0,United States of America,Americas,Northern America,2024,1,23,1
SPOT,Spotify Technology S.A.,Communication Services,Internet Content & Information,BUY,45.0,Luxembourg,Europe,Western Europe,2024,4,4,2
,,,,BUY,45.0,,,,2024,12,20,4
FINV,FinVolution Group,Financial Services,Credit Services,BUY,45.0,China,Asia,Eastern Asia,2024,1,25,1
MSFT,Microsoft Corporation,Technology,Software - Infrastructure,BUY,45.0,United States of America,Americas,Northern America,2024,1,18,1
AMZN,"Amazon.com, Inc.",Consumer Cyclical,Internet Retail,BUY,45.0,United States of America,Americas,Northern America,2024,7,1,3
FINV,FinVolution Group,Financial Services,Credit Services,BUY,45.0,China,Asia,Eastern Asia,2024,1,24,1
ONON,On Holding AG,Consumer Cyclical,Footwear & Accessories,BUY,45.0,Switzerland,Europe,Western Europe,2024,2,21,1
,,,,BUY,45.0,,,,2024,10,16,4
CRM,"Salesforce, Inc.",Technology,Software - Application,BUY,44.0,United States of America,Americas,Northern America,2024,2,5,1
SPOT,Spotify Technology S.A.,Communication Services,Internet Content & Information,BUY,44.0,Luxembourg,Europe,Western Europe,2024,4,3,2
,,,,BUY,44.0,,,,2024,7,15,3
V,Visa Inc.,Financial Services,Credit Services,BUY,44.0,United States of America,Americas,Northern America,2024,3,6,1
FINV,FinVolution Group,Financial Services,Credit Services,BUY,44.0,China,Asia,Eastern Asia,2024,2,7,1
FINV,FinVolution Group,Financial Services,Credit Services,BUY,44.0,China,Asia,Eastern Asia,2024,1,12,1
AMZN,"Amazon.com, Inc.",Consumer Cyclical,Internet Retail,BUY,43.0,United States of America,Americas,Northern America,2024,5,8,2
META,"Meta Platforms, Inc.",Communication Services,Internet Content & Information,BUY,43.0,United States of America,Americas,Northern America,2024,11,15,4
FINV,FinVolution Group,Financial Services,Credit Services,BUY,43.0,China,Asia,Eastern Asia,2024,2,5,1
FINV,FinVolution Group,Financial Services,Credit Services,BUY,43.0,China,Asia,Eastern Asia,2024,2,13,1
FINV,FinVolution Group,Financial Services,Credit Services,BUY,43.0,China,Asia,Eastern Asia,2024,1,11,1
YMM,Full Truck Alliance Co. Ltd.,Technology,Software - Application,BUY,43.0,China,Asia,Eastern Asia,2024,2,6,1
AAPL,Apple Inc.,Technology,Consumer Electronics,BUY,43.0,United States of America,Americas,Northern America,2024,5,7,2
TCX,Tucows Inc.,Technology,Software - Infrastructure,BUY,42.0,Canada,Americas,Northern America,2024,1,5,1
V,Visa Inc.,Financial Services,Credit Services,BUY,42.0,United States of America,Americas,Northern America,2024,4,9,2
YMM,Full Truck Alliance Co. Ltd.,Technology,Software - Application,BUY,42.0,China,Asia,Eastern Asia,2024,1,11,1
V,Visa Inc.,Financial Services,Credit Services,BUY,42.0,United States of America,Americas,Northern America,2024,1,24,1
AMZN,"Amazon.com, Inc.",Consumer Cyclical,Internet Retail,BUY,42.0,United States of America,Americas,Northern America,2024,4,17,2
GOOG,Alphabet Inc.,Communication Services,Internet Content & Information,BUY,42.0,United States of America,Americas,Northern America,2024,7,24,3
YMM,Full Truck Alliance Co. Ltd.,Technology,Software - Application,BUY,41.0,China,Asia,Eastern Asia,2024,1,3,1
GOOG,Alphabet Inc.,Communication Services,Internet Content & Information,BUY,41.0,United States of America,Americas,Northern America,2024,5,7,2
,,,,BUY,41.0,,,,2024,6,13,2
AMD,"Advanced Micro Devices, Inc.",Technology,Semiconductors,BUY,41.0,United States of America,Americas,Northern America,2024,10,8,4
,,,,BUY,41.0,,,,2024,7,1,3
AIZ,"Assurant, Inc.",Financial Services,Insurance - Property & Casualty,BUY,41.0,United States of America,Americas,Northern America,2024,1,5,1
,,,,BUY,41.0,,,,2024,6,24,2
AMD,"Advanced Micro Devices, Inc.",Technology,Semiconductors,BUY,40.0,United States of America,Americas,Northern America,2024,2,13,1
AMCR,Amcor plc,Consumer Cyclical,Packaging & Containers,SELL,40.0,Switzerland,Europe,Western Europe,2024,2,20,1
BA,Boeing Company (The),Industrials,Aerospace & Defense,SELL,40.0,United States of America,Americas,Northern America,2024,1,9,1
MSFT,Microsoft Corporation,Technology,Software - Infrastructure,SELL,40.0,United States of America,Americas,Northern America,2024,12,20,4
CVE,Cenovus Energy Inc,Energy,Oil & Gas Integrated,SELL,39.0,Canada,Americas,Northern America,2024,8,1,3
SPOT,Spotify Technology S.A.,Communication Services,Internet Content & Information,SELL,39.0,Luxembourg,Europe,Western Europe,2024,4,15,2
LIN,Linde plc,Basic Materials,Specialty Chemicals,SELL,39.0,United Kingdom of Great Britain and Northern Ireland,Europe,Northern Europe,2024,8,7,3
YMM,Full Truck Alliance Co. Ltd.,Technology,Software - Application,SELL,39.0,China,Asia,Eastern Asia,2024,2,2,1
SEDG,"SolarEdge Technologies, Inc.",Technology,Solar,SELL,39.0,Israel,Asia,Western Asia,2024,2,6,1
SPOT,Spotify Technology S.A.,Communication Services,Internet Content & Information,SELL,39.0,Luxembourg,Europe,Western Europe,2024,4,19,2
MSFT,Microsoft Corporation,Technology,Software - Infrastructure,SELL,39.0,United States of America,Americas,Northern America,2024,1,17,1
TSLA,"Tesla, Inc.",Consumer Cyclical,Auto Manufacturers,SELL,39.0,United States of America,Americas,Northern America,2024,5,22,2
YMM,Full Truck Alliance Co. Ltd.,Technology,Software - Application,SELL,39.0,China,Asia,Eastern Asia,2024,3,8,1
YMM,Full Truck Alliance Co. Ltd.,Technology,Software - Application,SELL,39.0,China,Asia,Eastern Asia,2024,3,25,1
LIN,Linde plc,Basic Materials,Specialty Chemicals,SELL,39.0,United Kingdom of Great Britain and Northern Ireland,Europe,Northern Europe,2024,2,5,1
META,"Meta Platforms, Inc.",Communication Services,Internet Content & Information,SELL,39.0,United States of America,Americas,Northern America,2024,4,24,2
YMM,Full Truck Alliance Co. Ltd.,Technology,Software - Application,SELL,38.0,China,Asia,Eastern Asia,2024,3,18,1
YMM,Full Truck Alliance Co. Ltd.,Technology,Software - Application,SELL,38.0,China,Asia,Eastern Asia,2024,3,4,1
YMM,Full Truck Alliance Co. Ltd.,Technology,Software - Application,SELL,38.0,China,Asia,Eastern Asia,2024,3,12,1
LIN,Linde plc,Basic Materials,Specialty Chemicals,SELL,38.0,United Kingdom of Great Britain and Northern Ireland,Europe,Northern Europe,2024,1,5,1
MA,Mastercard Incorporated,Financial Services,Credit Services,SELL,38.0,United States of America,Americas,Northern America,2024,3,25,1
YMM,Full Truck Alliance Co. Ltd.,Technology,Software - Application,SELL,38.0,China,Asia,Eastern Asia,2024,2,26,1
YMM,Full Truck Alliance Co. Ltd.,Technology,Software - Application,SELL,37.0,China,Asia,Eastern Asia,2024,2,13,1
YMM,Full Truck Alliance Co. Ltd.,Technology,Software - Application,SELL,37.0,China,Asia,Eastern Asia,2024,2,16,1
CVE,Cenovus Energy Inc,Energy,Oil & Gas Integrated,SELL,37.0,Canada,Americas,Northern America,2024,11,4,4
DTRUY,DAIMLER TRUCK HLDG AG,Industrials,Farm & Heavy Construction Machinery,SELL,37.0,Germany,Europe,Western Europe,2024,3,11,1
MA,Mastercard Incorporated,Financial Services,Credit Services,SELL,37.0,United States of America,Americas,Northern America,2024,2,20,1
SPOT,Spotify Technology S.A.,Communication Services,Internet Content & Information,SELL,37.0,Luxembourg,Europe,Western Europe,2024,12,20,4
MA,Mastercard Incorporated,Financial Services,Credit Services,SELL,37.0,United States of America,Americas,Northern America,2024,2,29,1
MA,Mastercard Incorporated,Financial Services,Credit Services,SELL,37.0,United States of America,Americas,Northern America,2024,2,12,1
DELL,Dell Technologies Inc.,Technology,Computer Hardware,SELL,37.0,United States of America,Americas,Northern America,2024,9,5,3
MA,Mastercard Incorporated,Financial Services,Credit Services,SELL,37.0,United States of America,Americas,Northern America,2024,5,14,2
MSFT,Microsoft Corporation,Technology,Software - Infrastructure,SELL,36.0,United States of America,Americas,Northern America,2024,12,27,4
NVCR,NovoCure Limited,Healthcare,Medical Devices,SELL,36.0,Switzerland,Europe,Western Europe,2024,3,15,1
META,"Meta Platforms, Inc.",Communication Services,Internet Content & Information,SELL,36.0,United States of America,Americas,Northern America,2024,5,8,2
LIN,Linde plc,Basic Materials,Specialty Chemicals,SELL,36.0,United Kingdom of Great Britain and Northern Ireland,Europe,Northern Europe,2024,9,16,3
NVCR,NovoCure Limited,Healthcare,Medical Devices,SELL,36.0,Switzerland,Europe,Western Europe,2024,3,8,1
IGT,International Game Technology,Consumer Cyclical,Gambling,SELL,36.0,United Kingdom of Great Britain and Northern Ireland,Europe,Northern Europe,2024,1,11,1
IGT,International Game Technology,Consumer Cyclical,Gambling,SELL,35.0,United Kingdom of Great Britain and Northern Ireland,Europe,Northern Europe,2024,1,12,1
NVCR,NovoCure Limited,Healthcare,Medical Devices,SELL,35.0,Switzerland,Europe,Western Europe,2024,3,11,1
NIO,NIO Inc.,Consumer Cyclical,Auto Manufacturers,SELL,35.0,China,Asia,Eastern Asia,2024,12,20,4
AAPL,Apple Inc.,Technology,Consumer Electronics,SELL,35.0,United States of America,Americas,Northern America,2024,7,11,3
NVCR,NovoCure Limited,Healthcare,Medical Devices,SELL,35.0,Switzerland,Europe,Western Europe,2024,2,29,1
NVCR,NovoCure Limited,Healthcare,Medical Devices,SELL,35.0,Switzerland,Europe,Western Europe,2024,2,21,1
MSFT,Microsoft Corporation,Technology,Software - Infrastructure,SELL,35.0,United States of America,Americas,Northern America,2024,11,20,4
RGA,"Reinsurance Group of America, I",Financial Services,Insurance - Reinsurance,SELL,35.0,United States of America,Americas,Northern America,2024,9,20,3
DAL,"Delta Air Lines, Inc.",Industrials,Airlines,SELL,35.0,United States of America,Americas,Northern America,2024,2,8,1
NEE,"NextEra Energy, Inc.",Utilities,Utilities - Regulated Electric,SELL,35.0,United States of America,Americas,Northern America,2024,2,20,1
CVE,Cenovus Energy Inc,Energy,Oil & Gas Integrated,SELL,35.0,Canada,Americas,Northern America,2024,4,16,2
NVCR,NovoCure Limited,Healthcare,Medical Devices,SELL,35.0,Switzerland,Europe,Western Europe,2024,3,5,1
RGA,"Reinsurance Group of America, I",Financial Services,Insurance - Reinsurance,SELL,34.0,United States of America,Americas,Northern America,2024,7,31,3
MSFT,Microsoft Corporation,Technology,Software - Infrastructure,SELL,34.0,United States of America,Americas,Northern America,2024,3,25,1
NVCR,NovoCure Limited,Healthcare,Medical Devices,SELL,34.0,Switzerland,Europe,Western Europe,2024,4,15,2
SPOT,Spotify Technology S.A.,Communication Services,Internet Content & Information,SELL,34.0,Luxembourg,Europe,Western Europe,2024,4,9,2
MSFT,Microsoft Corporation,Technology,Software - Infrastructure,SELL,34.0,United States of America,Americas,Northern America,2024,11,8,4
RGA,"Reinsurance Group of America, I",Financial Services,Insurance - Reinsurance,SELL,34.0,United States of America,Americas,Northern America,2024,5,20,2
MSFT,Microsoft Corporation,Technology,Software - Infrastructure,SELL,34.0,United States of America,Americas,Northern America,2024,6,14,2
CVE,Cenovus Energy Inc,Energy,Oil & Gas Integrated,SELL,34.0,Canada,Americas,Northern America,2024,4,1,2
JPM,JP Morgan Chase & Co.,Financial Services,Banks - Diversified,SELL,34.0,United States of America,Americas,Northern America,2024,7,31,3
CVE,Cenovus Energy Inc,Energy,Oil & Gas Integrated,SELL,34.0,Canada,Americas,Northern America,2024,5,20,2
,,,,SELL,33.0,,,,2024,10,28,4
NVCR,NovoCure Limited,Healthcare,Medical Devices,SELL,33.0,Switzerland,Europe,Western Europe,2024,4,17,2
MSFT,Microsoft Corporation,Technology,Software - Infrastructure,SELL,33.0,United States of America,Americas,Northern America,2024,3,15,1
JPM,JP Morgan Chase & Co.,Financial Services,Banks - Diversified,SELL,33.0,United States of America,Americas,Northern America,2024,8,7,3
CVE,Cenovus Energy Inc,Energy,Oil & Gas Integrated,SELL,33.0,Canada,Americas,Northern America,2024,4,19,2
,,,,SELL,33.0,,,,2024,12,10,4
NVCR,NovoCure Limited,Healthcare,Medical Devices,SELL,33.0,Switzerland,Europe,Western Europe,2024,3,6,1
NVCR,NovoCure Limited,Healthcare,Medical Devices,SELL,33.0,Switzerland,Europe,Western Europe,2024,2,6,1
MSFT,Microsoft Corporation,Technology,Software - Infrastructure,SELL,33.0,United States of America,Americas,Northern America,2024,1,31,1
SPOT,Spotify Technology S.A.,Communication Services,Internet Content & Information,SELL,32.0,Luxembourg,Europe,Western Europe,2024,4,4,2
YMM,Full Truck Alliance Co. Ltd.,Technology,Software - Application,SELL,32.0,China,Asia,Eastern Asia,2024,1,29,1
CVE,Cenovus Energy Inc,Energy,Oil & Gas Integrated,SELL,32.0,Canada,Americas,Northern America,2024,2,26,1
MSFT,Microsoft Corporation,Technology,Software - Infrastructure,SELL,32.0,United States of America,Americas,Northern America,2024,1,22,1
AMZN,"Amazon.com, Inc.",Consumer Cyclical,Internet Retail,SELL,31.0,United States of America,Americas,Northern America,2024,11,1,4
YMM,Full Truck Alliance Co. Ltd.,Technology,Software - Application,SELL,31.0,China,Asia,Eastern Asia,2024,1,25,1
NVCR,NovoCure Limited,Healthcare,Medical Devices,SELL,30.0,Switzerland,Europe,Western Europe,2024,2,22,1
,,,,SELL,30.0,,,,2024,10,17,4
CRM,"Salesforce, Inc.",Technology,Software - Application,SELL,30.0,United States of America,Americas,Northern America,2024,2,6,1
SPOT,Spotify Technology S.A.,Communication Services,Internet Content & Information,SELL,30.0,Luxembourg,Europe,Western Europe,2024,4,3,2
,,,,SELL,30.0,,,,2024,7,24,3
V,Visa Inc.,Financial Services,Credit Services,SELL,30.0,United States of America,Americas,Northern America,2024,3,22,1
YMM,Full Truck Alliance Co. Ltd.,Technology,Software - Application,SELL,30.0,China,Asia,Eastern Asia,2024,2,12,1
YMM,Full Truck Alliance Co. Ltd.,Technology,Software - Application,SELL,30.0,China,Asia,Eastern Asia,2024,1,16,1
AMZN,"Amazon.com, Inc.",Consumer Cyclical,Internet Retail,SELL,30.0,United States of America,Americas,Northern America,2024,6,28,2
META,"Meta Platforms, Inc.",Communication Services,Internet Content & Information,SELL,30.0,United States of America,Americas,Northern America,2024,12,5,4
YMM,Full Truck Alliance Co. Ltd.,Technology,Software - Application,SELL,29.0,China,Asia,Eastern Asia,2024,2,6,1
YMM,Full Truck Alliance Co. Ltd.,Technology,Software - Application,SELL,29.0,China,Asia,Eastern Asia,2024,2,14,1
YMM,Full Truck Alliance Co. Ltd.,Technology,Software - Application,SELL,29.0,China,Asia,Eastern Asia,2024,1,11,1
YMM,Full Truck Alliance Co. Ltd.,Technology,Software - Application,SELL,29.0,China,Asia,Eastern Asia,2024,2,7,1
AAPL,Apple Inc.,Technology,Consumer Electronics,SELL,29.0,United States of America,Americas,Northern America,2024,5,22,2
TCX,Tucows Inc.,Technology,Software - Infrastructure,SELL,29.0,Canada,Americas,Northern America,2024,1,29,1
V,Visa Inc.,Financial Services,Credit Services,SELL,28.0,United States of America,Americas,Northern America,2024,4,24,2
YMM,Full Truck Alliance Co. Ltd.,Technology,Software - Application,SELL,28.0,China,Asia,Eastern Asia,2024,1,12,1
V,Visa Inc.,Financial Services,Credit Services,SELL,28.0,United States of America,Americas,Northern America,2024,2,8,1
AMZN,"Amazon.com, Inc.",Consumer Cyclical,Internet Retail,SELL,28.0,United States of America,Americas,Northern America,2024,5,1,2
TCX,Tucows Inc.,Technology,Software - Infrastructure,SELL,28.0,Canada,Americas,Northern America,2024,1,3,1
TCX,Tucows Inc.,Technology,Software - Infrastructure,SELL,28.0,Canada,Americas,Northern America,2024,1,4,1
GOOG,Alphabet Inc.,Communication Services,Internet Content & Information,SELL,28.0,United States of America,Americas,Northern America,2024,10,30,4
YMM,Full Truck Alliance Co. Ltd.,Technology,Software - Application,SELL,28.0,China,Asia,Eastern Asia,2024,1,5,1
GOOG,Alphabet Inc.,Communication Services,Internet Content & Information,SELL,27.0,United States of America,Americas,Northern America,2024,5,20,2
,,,,SELL,27.0,,,,2024,6,18,2
AMD,"Advanced Micro Devices, Inc.",Technology,Semiconductors,SELL,27.0,United States of America,Americas,Northern America,2024,10,10,4
,,,,SELL,27.0,,,,2024,7,11,3
AIZ,"Assurant, Inc.",Financial Services,Insurance - Property & Casualty,SELL,27.0,United States of America,Americas,Northern America,2024,1,9,1
,,,,SELL,27.0,,,,2024,6,28,2
AMD,"Advanced Micro Devices, Inc.",Technology,Semiconductors,SELL,27.0,United States of America,Americas,Northern America,2024,2,13,1
ASML,ASML Holding N.V. - New York Re,Technology,Semiconductor Equipment & Materials,BUY,27.0,"Netherlands, Kingdom of the",Europe,Western Europe,2024,2,12,1
ROIV,Roivant Sciences Ltd.,Healthcare,Biotechnology,BUY,27.0,United Kingdom of Great Britain and Northern Ireland,Europe,Northern Europe,2024,2,21,1
META,"Meta Platforms, Inc.",Communication Services,Internet Content & Information,BUY,27.0,United States of America,Americas,Northern America,2024,8,2,3
HNGZY,HANGZHOU TIGERMED CONSULTING CO,Healthcare,Diagnostics & Research,BUY,27.0,China,Asia,Eastern Asia,2024,2,22,1
ASML,ASML Holding N.V. - New York Re,Technology,Semiconductor Equipment & Materials,BUY,27.0,"Netherlands, Kingdom of the",Europe,Western Europe,2024,10,16,4
SLF,Sun Life Financial Inc.,Financial Services,Insurance - Diversified,BUY,27.0,Canada,Americas,Northern America,2024,2,15,1
ROIV,Roivant Sciences Ltd.,Healthcare,Biotechnology,BUY,27.0,United Kingdom of Great Britain and Northern Ireland,Europe,Northern Europe,2024,3,5,1
MSFT,Microsoft Corporation,Technology,Software - Infrastructure,BUY,27.0,United States of America,Americas,Northern America,2024,10,10,4
HNGZY,HANGZHOU TIGERMED CONSULTING CO,Healthcare,Diagnostics & Research,BUY,26.0,China,Asia,Eastern Asia,2024,2,28,1
CVAC,CureVac N.V.,Healthcare,Biotechnology,BUY,26.0,Germany,Europe,Western Europe,2024,4,9,2
BLK,"BlackRock, Inc.",Financial Services,Asset Management,BUY,26.0,United States of America,Americas,Northern America,2024,3,18,1
BLK,"BlackRock, Inc.",Financial Services,Asset Management,BUY,26.0,United States of America,Americas,Northern America,2024,1,18,1
AMZN,"Amazon.com, Inc.",Consumer Cyclical,Internet Retail,BUY,26.0,United States of America,Americas,Northern America,2024,10,31,4
HNGZY,HANGZHOU TIGERMED CONSULTING CO,Healthcare,Diagnostics & Research,BUY,26.0,China,Asia,Eastern Asia,2024,2,21,1
GRMN,Garmin Ltd.,Technology,Scientific & Technical Instruments,BUY,26.0,Switzerland,Europe,Western Europe,2024,3,6,1
BRFS,BRF S.A.,Consumer Defensive,Packaged Foods,BUY,26.0,Brazil,Americas,Latin America and the Caribbean,2024,4,29,2
ROIV,Roivant Sciences Ltd.,Healthcare,Biotechnology,BUY,26.0,United Kingdom of Great Britain and Northern Ireland,Europe,Northern Europe,2024,2,22,1
SPOT,Spotify Technology S.A.,Communication Services,Internet Content & Information,BUY,26.0,Luxembourg,Europe,Western Europe,2024,9,3,3
PANW,"Palo Alto Networks, Inc.",Technology,Software - Infrastructure,BUY,26.0,United States of America,Americas,Northern America,2024,5,28,2
CVAC,CureVac N.V.,Healthcare,Biotechnology,BUY,26.0,Germany,Europe,Western Europe,2024,3,6,1
SPOT,Spotify Technology S.A.,Communication Services,Internet Content & Information,BUY,26.0,Luxembourg,Europe,Western Europe,2024,5,22,2
CVAC,CureVac N.V.,Healthcare,Biotechnology,BUY,26.0,Germany,Europe,Western Europe,2024,3,11,1
MSFT,Microsoft Corporation,Technology,Software - Infrastructure,BUY,26.0,United States of America,Americas,Northern America,2024,4,5,2
ROIV,Roivant Sciences Ltd.,Healthcare,Biotechnology,BUY,26.0,United Kingdom of Great Britain and Northern Ireland,Europe,Northern Europe,2024,1,12,1
HNGZY,HANGZHOU TIGERMED CONSULTING CO,Healthcare,Diagnostics & Research,BUY,25.0,China,Asia,Eastern Asia,2024,2,9,1
MA,Mastercard Incorporated,Financial Services,Credit Services,BUY,25.0,United States of America,Americas,Northern America,2024,10,8,4
HNGZY,HANGZHOU TIGERMED CONSULTING CO,Healthcare,Diagnostics & Research,BUY,25.0,China,Asia,Eastern Asia,2024,3,18,1
SLF,Sun Life Financial Inc.,Financial Services,Insurance - Diversified,BUY,25.0,Canada,Americas,Northern America,2024,3,11,1
SLF,Sun Life Financial Inc.,Financial Services,Insurance - Diversified,BUY,25.0,Canada,Americas,Northern America,2024,3,5,1
SPOT,Spotify Technology S.A.,Communication Services,Internet Content & Information,BUY,25.0,Luxembourg,Europe,Western Europe,2024,12,9,4
SLF,Sun Life Financial Inc.,Financial Services,Insurance - Diversified,BUY,25.0,Canada,Americas,Northern America,2024,4,16,2
ROIV,Roivant Sciences Ltd.,Healthcare,Biotechnology,BUY,25.0,United Kingdom of Great Britain and Northern Ireland,Europe,Northern Europe,2024,3,25,1
SLF,Sun Life Financial Inc.,Financial Services,Insurance - Diversified,BUY,25.0,Canada,Americas,Northern America,2024,3,18,1
SLF,Sun Life Financial Inc.,Financial Services,Insurance - Diversified,BUY,25.0,Canada,Americas,Northern America,2024,2,29,1
META,"Meta Platforms, Inc.",Communication Services,Internet Content & Information,BUY,25.0,United States of America,Americas,Northern America,2024,5,9,2
HNGZY,HANGZHOU TIGERMED CONSULTING CO,Healthcare,Diagnostics & Research,BUY,25.0,China,Asia,Eastern Asia,2024,2,15,1
SLF,Sun Life Financial Inc.,Financial Services,Insurance - Diversified,BUY,25.0,Canada,Americas,Northern America,2024,2,19,1
HNGZY,HANGZHOU TIGERMED CONSULTING CO,Healthcare,Diagnostics & Research,BUY,25.0,China,Asia,Eastern Asia,2024,2,15,1
ASML,ASML Holding N.V. - New York Re,Technology,Semiconductor Equipment & Materials,BUY,24.0,"Netherlands, Kingdom of the",Europe,Western Europe,2024,10,16,4
MA,Mastercard Incorporated,Financial Services,Credit Services,BUY,24.0,United States of America,Americas,Northern America,2024,5,20,2
ROIV,Roivant Sciences Ltd.,Healthcare,Biotechnology,BUY,24.0,United Kingdom of Great Britain and Northern Ireland,Europe,Northern Europe,2024,3,22,1
ROIV,Roivant Sciences Ltd.,Healthcare,Biotechnology,BUY,24.0,United Kingdom of Great Britain and Northern Ireland,Europe,Northern Europe,2024,3,7,1
SLF,Sun Life Financial Inc.,Financial Services,Insurance - Diversified,BUY,24.0,Canada,Americas,Northern America,2024,2,20,1
MSFT,Microsoft Corporation,Technology,Software - Infrastructure,BUY,24.0,United States of America,Americas,Northern America,2024,7,1,3
ROIV,Roivant Sciences Ltd.,Healthcare,Biotechnology,BUY,24.0,United Kingdom of Great Britain and Northern Ireland,Europe,Northern Europe,2024,4,1,2
ROIV,Roivant Sciences Ltd.,Healthcare,Biotechnology,BUY,24.0,United Kingdom of Great Britain and Northern Ireland,Europe,Northern Europe,2024,3,12,1
GOOG,Alphabet Inc.,Communication Services,Internet Content & Information,BUY,24.0,United States of America,Americas,Northern America,2024,11,19,4
HNGZY,HANGZHOU TIGERMED CONSULTING CO,Healthcare,Diagnostics & Research,BUY,24.0,China,Asia,Eastern Asia,2024,3,1,1
ROIV,Roivant Sciences Ltd.,Healthcare,Biotechnology,BUY,24.0,United Kingdom of Great Britain and Northern Ireland,Europe,Northern Europe,2024,3,13,1
ROIV,Roivant Sciences Ltd.,Healthcare,Biotechnology,BUY,24.0,United Kingdom of Great Britain and Northern Ireland,Europe,Northern Europe,2024,4,2,2
CVE,Cenovus Energy Inc,Energy,Oil & Gas Integrated,BUY,24.0,Canada,Americas,Northern America,2024,8,16,3
HNGZY,HANGZHOU TIGERMED CONSULTING CO,Healthcare,Diagnostics & Research,BUY,24.0,China,Asia,Eastern Asia,2024,2,26,1
HNGZY,HANGZHOU TIGERMED CONSULTING CO,Healthcare,Diagnostics & Research,BUY,24.0,China,Asia,Eastern Asia,2024,2,14,1
ROIV,Roivant Sciences Ltd.,Healthcare,Biotechnology,BUY,24.0,United Kingdom of Great Britain and Northern Ireland,Europe,Northern Europe,2024,3,8,1
ROIV,Roivant Sciences Ltd.,Healthcare,Biotechnology,BUY,24.0,United Kingdom of Great Britain and Northern Ireland,Europe,Northern Europe,2024,3,14,1
LLY,Eli Lilly and Company,Healthcare,Drug Manufacturers - General,BUY,24.0,United States of America,Americas,Northern America,2024,9,27,3
ROIV,Roivant Sciences Ltd.,Healthcare,Biotechnology,BUY,24.0,United Kingdom of Great Britain and Northern Ireland,Europe,Northern Europe,2024,3,15,1
OR,Osisko Gold Royalties Ltd,Basic Materials,Gold,BUY,24.0,Canada,Americas,Northern America,2024,6,28,2
ROIV,Roivant Sciences Ltd.,Healthcare,Biotechnology,BUY,23.0,United Kingdom of Great Britain and Northern Ireland,Europe,Northern Europe,2024,3,19,1
ROIV,Roivant Sciences Ltd.,Healthcare,Biotechnology,BUY,23.0,United Kingdom of Great Britain and Northern Ireland,Europe,Northern Europe,2024,3,14,1
ASML,ASML Holding N.V. - New York Re,Technology,Semiconductor Equipment & Materials,BUY,23.0,"Netherlands, Kingdom of the",Europe,Western Europe,2024,1,26,1
NOMD,Nomad Foods Limited,Consumer Defensive,Packaged Foods,BUY,23.0,United Kingdom of Great Britain and Northern Ireland,Europe,Northern Europe,2024,3,11,1
HNGZY,HANGZHOU TIGERMED CONSULTING CO,Healthcare,Diagnostics & Research,BUY,23.0,China,Asia,Eastern Asia,2024,2,23,1
HNGZY,HANGZHOU TIGERMED CONSULTING CO,Healthcare,Diagnostics & Research,BUY,23.0,China,Asia,Eastern Asia,2024,2,23,1
NOMD,Nomad Foods Limited,Consumer Defensive,Packaged Foods,BUY,23.0,United Kingdom of Great Britain and Northern Ireland,Europe,Northern Europe,2024,3,4,1
NOMD,Nomad Foods Limited,Consumer Defensive,Packaged Foods,BUY,23.0,United Kingdom of Great Britain and Northern Ireland,Europe,Northern Europe,2024,5,1,2
MSFT,Microsoft Corporation,Technology,Software - Infrastructure,BUY,23.0,United States of America,Americas,Northern America,2024,8,16,3
BLK,"BlackRock, Inc.",Financial Services,Asset Management,BUY,23.0,United States of America,Americas,Northern America,2024,3,11,1
BLK,"BlackRock, Inc.",Financial Services,Asset Management,BUY,23.0,United States of America,Americas,Northern America,2024,3,5,1
NOMD,Nomad Foods Limited,Consumer Defensive,Packaged Foods,BUY,23.0,United Kingdom of Great Britain and Northern Ireland,Europe,Northern Europe,2024,2,23,1
HNGZY,HANGZHOU TIGERMED CONSULTING CO,Healthcare,Diagnostics & Research,BUY,23.0,China,Asia,Eastern Asia,2024,2,22,1
MSFT,Microsoft Corporation,Technology,Software - Infrastructure,BUY,23.0,United States of America,Americas,Northern America,2024,2,13,1
HNGZY,HANGZHOU TIGERMED CONSULTING CO,Healthcare,Diagnostics & Research,BUY,23.0,China,Asia,Eastern Asia,2024,2,16,1
BLK,"BlackRock, Inc.",Financial Services,Asset Management,BUY,23.0,United States of America,Americas,Northern America,2024,2,27,1
HNGZY,HANGZHOU TIGERMED CONSULTING CO,Healthcare,Diagnostics & Research,BUY,23.0,China,Asia,Eastern Asia,2024,2,12,1
BLK,"BlackRock, Inc.",Financial Services,Asset Management,BUY,23.0,United States of America,Americas,Northern America,2024,2,27,1
MSFT,Microsoft Corporation,Technology,Software - Infrastructure,BUY,23.0,United States of America,Americas,Northern America,2024,4,30,2
NOMD,Nomad Foods Limited,Consumer Defensive,Packaged Foods,BUY,23.0,United Kingdom of Great Britain and Northern Ireland,Europe,Northern Europe,2024,2,23,1
BLK,"BlackRock, Inc.",Financial Services,Asset Management,BUY,22.0,United States of America,Americas,Northern America,2024,2,20,1
MSFT,Microsoft Corporation,Technology,Software - Infrastructure,BUY,22.0,United States of America,Americas,Northern America,2024,4,25,2
BLK,"BlackRock, Inc.",Financial Services,Asset Management,BUY,233.0,United States of America,Americas,Northern America,2024,1,23,1
CVAC,CureVac N.V.,Healthcare,Biotechnology,BUY,222.0,Germany,Europe,Western Europe,2024,4,17,2
BLK,"BlackRock, Inc.",Financial Services,Asset Management,BUY,222.0,United States of America,Americas,Northern America,2024,2,13,1
HNGZY,HANGZHOU TIGERMED CONSULTING CO,Healthcare,Diagnostics & Research,BUY,222.0,China,Asia,Eastern Asia,2024,4,23,2
HNGZY,HANGZHOU TIGERMED CONSULTING CO,Healthcare,Diagnostics & Research,BUY,221.0,China,Asia,Eastern Asia,2024,2,12,1
CVAC,CureVac N.V.,Healthcare,Biotechnology,BUY,221.0,Germany,Europe,Western Europe,2024,4,16,2
NOMD,Nomad Foods Limited,Consumer Defensive,Packaged Foods,BUY,217.0,United Kingdom of Great Britain and Northern Ireland,Europe,Northern Europe,2024,4,19,2
LLY,Eli Lilly and Company,Healthcare,Drug Manufacturers - General,BUY,217.0,United States of America,Americas,Northern America,2024,3,13,1
LLY,Eli Lilly and Company,Healthcare,Drug Manufacturers - General,BUY,215.0,United States of America,Americas,Northern America,2024,11,15,4
HNGZY,HANGZHOU TIGERMED CONSULTING CO,Healthcare,Diagnostics & Research,BUY,215.0,China,Asia,Eastern Asia,2024,2,21,1
SPOT,Spotify Technology S.A.,Communication Services,Internet Content & Information,BUY,214.0,Luxembourg,Europe,Western Europe,2024,10,16,4
MSFT,Microsoft Corporation,Technology,Software - Infrastructure,BUY,214.0,United States of America,Americas,Northern America,2024,4,17,2
LLY,Eli Lilly and Company,Healthcare,Drug Manufacturers - General,BUY,202.0,United States of America,Americas,Northern America,2024,3,11,1
ASML,ASML Holding N.V. - New York Re,Technology,Semiconductor Equipment & Materials,BUY,202.0,"Netherlands, Kingdom of the",Europe,Western Europe,2024,2,8,1
LLY,Eli Lilly and Company,Healthcare,Drug Manufacturers - General,BUY,199.0,United States of America,Americas,Northern America,2024,4,22,2
NOMD,Nomad Foods Limited,Consumer Defensive,Packaged Foods,BUY,199.0,United Kingdom of Great Britain and Northern Ireland,Europe,Northern Europe,2024,2,16,1
SLF,Sun Life Financial Inc.,Financial Services,Insurance - Diversified,BUY,198.0,Canada,Americas,Northern America,2024,2,14,1
HNGZY,HANGZHOU TIGERMED CONSULTING CO,Healthcare,Diagnostics & Research,BUY,198.0,China,Asia,Eastern Asia,2024,2,20,1
NOMD,Nomad Foods Limited,Consumer Defensive,Packaged Foods,BUY,198.0,United Kingdom of Great Britain and Northern Ireland,Europe,Northern Europe,2024,2,14,1
TCX,Tucows Inc.,Technology,Software - Infrastructure,BUY,198.0,Canada,Americas,Northern America,2024,1,11,1
SLF,Sun Life Financial Inc.,Financial Services,Insurance - Diversified,BUY,195.0,Canada,Americas,Northern America,2024,12,19,4
HNGZY,HANGZHOU TIGERMED CONSULTING CO,Healthcare,Diagnostics & Research,BUY,195.0,China,Asia,Eastern Asia,2024,4,19,2
ASML,ASML Holding N.V. - New York Re,Technology,Semiconductor Equipment & Materials,BUY,190.0,"Netherlands, Kingdom of the",Europe,Western Europe,2024,1,9,1
NOMD,Nomad Foods Limited,Consumer Defensive,Packaged Foods,BUY,185.0,United Kingdom of Great Britain and Northern Ireland,Europe,Northern Europe,2024,2,13,1
META,"Meta Platforms, Inc.",Communication Services,Internet Content & Information,BUY,185.0,United States of America,Americas,Northern America,2024,8,16,3
ASML,ASML Holding N.V. - New York Re,Technology,Semiconductor Equipment & Materials,BUY,185.0,"Netherlands, Kingdom of the",Europe,Western Europe,2024,1,3,1
GRMN,Garmin Ltd.,Technology,Scientific & Technical Instruments,BUY,177.0,Switzerland,Europe,Western Europe,2024,12,27,4
MA,Mastercard Incorporated,Financial Services,Credit Services,BUY,177.0,United States of America,Americas,Northern America,2024,12,5,4
FINV,FinVolution Group,Financial Services,Credit Services,BUY,155.0,China,Asia,Eastern Asia,2024,4,4,2
NOMD,Nomad Foods Limited,Consumer Defensive,Packaged Foods,BUY,155.0,United Kingdom of Great Britain and Northern Ireland,Europe,Northern Europe,2024,2,20,1
FINV,FinVolution Group,Financial Services,Credit Services,BUY,147.0,China,Asia,Eastern Asia,2024,4,5,2
,,,,BUY,147.0,,,,2024,7,17,3
GRMN,Garmin Ltd.,Technology,Scientific & Technical Instruments,BUY,146.0,Switzerland,Europe,Western Europe,2024,5,20,2
ASML,ASML Holding N.V. - New York Re,Technology,Semiconductor Equipment & Materials,BUY,146.0,"Netherlands, Kingdom of the",Europe,Western Europe,2024,1,30,1
CVAC,CureVac N.V.,Healthcare,Biotechnology,BUY,144.0,Germany,Europe,Western Europe,2024,3,20,1
FINV,FinVolution Group,Financial Services,Credit Services,BUY,144.0,China,Asia,Eastern Asia,2024,4,9,2
FINV,FinVolution Group,Financial Services,Credit Services,BUY,136.0,China,Asia,Eastern Asia,2024,4,16,2
PANW,"Palo Alto Networks, Inc.",Technology,Software - Infrastructure,BUY,136.0,United States of America,Americas,Northern America,2024,7,8,3
ASML,ASML Holding N.V. - New York Re,Technology,Semiconductor Equipment & Materials,BUY,135.0,"Netherlands, Kingdom of the",Europe,Western Europe,2024,11,15,4
ARM,Arm Holdings plc,Technology,Semiconductors,BUY,135.0,United Kingdom of Great Britain and Northern Ireland,Europe,Northern Europe,2024,7,24,3
SPOT,Spotify Technology S.A.,Communication Services,Internet Content & Information,BUY,135.0,Luxembourg,Europe,Western Europe,2024,8,2,3
HNGZY,HANGZHOU TIGERMED CONSULTING CO,Healthcare,Diagnostics & Research,BUY,135.0,China,Asia,Eastern Asia,2024,2,13,1
HNGZY,HANGZHOU TIGERMED CONSULTING CO,Healthcare,Diagnostics & Research,BUY,133.0,China,Asia,Eastern Asia,2024,2,13,1
MA,Mastercard Incorporated,Financial Services,Credit Services,BUY,133.0,United States of America,Americas,Northern America,2024,4,9,2
GRMN,Garmin Ltd.,Technology,Scientific & Technical Instruments,BUY,132.0,Switzerland,Europe,Western Europe,2024,5,7,2
SPOT,Spotify Technology S.A.,Communication Services,Internet Content & Information,BUY,132.0,Luxembourg,Europe,Western Europe,2024,4,23,2
NOMD,Nomad Foods Limited,Consumer Defensive,Packaged Foods,BUY,129.0,United Kingdom of Great Britain and Northern Ireland,Europe,Northern Europe,2024,1,24,1
CDNS,"Cadence Design Systems, Inc.",Technology,Software - Application,BUY,129.0,United States of America,Americas,Northern America,2024,4,1,2
CDNS,"Cadence Design Systems, Inc.",Technology,Software - Application,BUY,129.0,United States of America,Americas,Northern America,2024,12,5,4
SPOT,Spotify Technology S.A.,Communication Services,Internet Content & Information,BUY,129.0,Luxembourg,Europe,Western Europe,2024,5,28,2
CVAC,CureVac N.V.,Healthcare,Biotechnology,BUY,128.0,Germany,Europe,Western Europe,2024,3,4,1
SPOT,Spotify Technology S.A.,Communication Services,Internet Content & Information,BUY,128.0,Luxembourg,Europe,Western Europe,2024,6,18,2
BLK,"BlackRock, Inc.",Financial Services,Asset Management,BUY,125.0,United States of America,Americas,Northern America,2024,2,1,1
NOMD,Nomad Foods Limited,Consumer Defensive,Packaged Foods,BUY,123.0,United Kingdom of Great Britain and Northern Ireland,Europe,Northern Europe,2024,1,25,1
NOMD,Nomad Foods Limited,Consumer Defensive,Packaged Foods,BUY,123.0,United Kingdom of Great Britain and Northern Ireland,Europe,Northern Europe,2024,1,24,1
META,"Meta Platforms, Inc.",Communication Services,Internet Content & Information,BUY,122.0,United States of America,Americas,Northern America,2024,12,5,4
SPOT,Spotify Technology S.A.,Communication Services,Internet Content & Information,BUY,122.0,Luxembourg,Europe,Western Europe,2024,6,13,2
PANW,"Palo Alto Networks, Inc.",Technology,Software - Infrastructure,BUY,115.0,United States of America,Americas,Northern America,2024,5,22,2
AIR,AAR Corp.,Industrials,Aerospace & Defense,BUY,115.0,United States of America,Americas,Northern America,2024,1,3,1
CVAC,CureVac N.V.,Healthcare,Biotechnology,BUY,107.0,Germany,Europe,Western Europe,2024,2,27,1
META,"Meta Platforms, Inc.",Communication Services,Internet Content & Information,BUY,107.0,United States of America,Americas,Northern America,2024,12,19,4
GRMN,Garmin Ltd.,Technology,Scientific & Technical Instruments,BUY,103.0,Switzerland,Europe,Western Europe,2024,4,30,2
NOMD,Nomad Foods Limited,Consumer Defensive,Packaged Foods,BUY,101.0,United Kingdom of Great Britain and Northern Ireland,Europe,Northern Europe,2024,1,22,1
META,"Meta Platforms, Inc.",Communication Services,Internet Content & Information,BUY,101.0,United States of America,Americas,Northern America,2024,12,23,4
OR,Osisko Gold Royalties Ltd,Basic Materials,Gold,BUY,101.0,Canada,Americas,Northern America,2024,4,5,2
NOMD,Nomad Foods Limited,Consumer Defensive,Packaged Foods,BUY,101.0,United Kingdom of Great Britain and Northern Ireland,Europe,Northern Europe,2024,1,23,1
CDNS,"Cadence Design Systems, Inc.",Technology,Software - Application,BUY,96.0,United States of America,Americas,Northern America,2024,7,17,3
CDNS,"Cadence Design Systems, Inc.",Technology,Software - Application,BUY,96.0,United States of America,Americas,Northern America,2024,4,17,2
GRMN,Garmin Ltd.,Technology,Scientific & Technical Instruments,BUY,93.0,Switzerland,Europe,Western Europe,2024,4,17,2
META,"Meta Platforms, Inc.",Communication Services,Internet Content & Information,BUY,93.0,United States of America,Americas,Northern America,2024,11,12,4
AMD,"Advanced Micro Devices, Inc.",Technology,Semiconductors,BUY,93.0,United States of America,Americas,Northern America,2024,7,24,3
MA,Mastercard Incorporated,Financial Services,Credit Services,BUY,92.0,United States of America,Americas,Northern America,2024,1,24,1
CVAC,CureVac N.V.,Healthcare,Biotechnology,BUY,92.0,Germany,Europe,Western Europe,2024,2,22,1
NOMD,Nomad Foods Limited,Consumer Defensive,Packaged Foods,BUY,92.0,United Kingdom of Great Britain and Northern Ireland,Europe,Northern Europe,2024,2,12,1
NOMD,Nomad Foods Limited,Consumer Defensive,Packaged Foods,BUY,91.0,United Kingdom of Great Britain and Northern Ireland,Europe,Northern Europe,2024,2,13,1
NOMD,Nomad Foods Limited,Consumer Defensive,Packaged Foods,BUY,91.0,United Kingdom of Great Britain and Northern Ireland,Europe,Northern Europe,2024,1,18,1
V,Visa Inc.,Financial Services,Credit Services,BUY,91.0,United States of America,Americas,Northern America,2024,10,24,4
CVAC,CureVac N.V.,Healthcare,Biotechnology,BUY,91.0,Germany,Europe,Western Europe,2024,4,9,2
CVAC,CureVac N.V.,Healthcare,Biotechnology,BUY,91.0,Germany,Europe,Western Europe,2024,3,26,1
V,Visa Inc.,Financial Services,Credit Services,BUY,91.0,United States of America,Americas,Northern America,2024,10,16,4
NOMD,Nomad Foods Limited,Consumer Defensive,Packaged Foods,BUY,87.0,United Kingdom of Great Britain and Northern Ireland,Europe,Northern Europe,2024,2,7,1
HNGZY,HANGZHOU TIGERMED CONSULTING CO,Healthcare,Diagnostics & Research,BUY,87.0,China,Asia,Eastern Asia,2024,8,12,3
V,Visa Inc.,Financial Services,Credit Services,BUY,84.0,United States of America,Americas,Northern America,2024,2,9,1
V,Visa Inc.,Financial Services,Credit Services,BUY,84.0,United States of America,Americas,Northern America,2024,5,21,2
V,Visa Inc.,Financial Services,Credit Services,BUY,84.0,United States of America,Americas,Northern America,2024,5,7,2
CB,Chubb Limited,Financial Services,Insurance - Property & Casualty,BUY,84.0,Switzerland,Europe,Western Europe,2024,8,16,3
NOMD,Nomad Foods Limited,Consumer Defensive,Packaged Foods,BUY,83.0,United Kingdom of Great Britain and Northern Ireland,Europe,Northern Europe,2024,2,5,1
V,Visa Inc.,Financial Services,Credit Services,BUY,83.0,United States of America,Americas,Northern America,2024,9,25,3
PNR,Pentair plc.,Industrials,Specialty Industrial Machinery,BUY,82.0,United Kingdom of Great Britain and Northern Ireland,Europe,Northern Europe,2024,2,6,1
GRMN,Garmin Ltd.,Technology,Scientific & Technical Instruments,BUY,82.0,Switzerland,Europe,Western Europe,2024,9,3,3
HNGZY,HANGZHOU TIGERMED CONSULTING CO,Healthcare,Diagnostics & Research,BUY,82.0,China,Asia,Eastern Asia,2024,8,7,3
MA,Mastercard Incorporated,Financial Services,Credit Services,BUY,81.0,United States of America,Americas,Northern America,2024,11,14,4
FINV,FinVolution Group,Financial Services,Credit Services,BUY,81.0,China,Asia,Eastern Asia,2024,3,26,1
V,Visa Inc.,Financial Services,Credit Services,BUY,80.0,United States of America,Americas,Northern America,2024,7,24,3
PNR,Pentair plc.,Industrials,Specialty Industrial Machinery,BUY,80.0,United Kingdom of Great Britain and Northern Ireland,Europe,Northern Europe,2024,1,8,1
FINV,FinVolution Group,Financial Services,Credit Services,BUY,75.0,China,Asia,Eastern Asia,2024,3,8,1
FINV,FinVolution Group,Financial Services,Credit Services,BUY,75.0,China,Asia,Eastern Asia,2024,3,12,1
DIS,Walt Disney Company (The),Communication Services,Entertainment,DIVIDENT,74.0,United States of America,Americas,Northern America,2024,1,10,1
DIS,Walt Disney Company (The),Communication Services,Entertainment,DIVIDENT,74.0,United States of America,Americas,Northern America,2024,1,10,1
DIS,Walt Disney Company (The),Communication Services,Entertainment,DIVIDENT,73.0,United States of America,Americas,Northern America,2024,1,10,1
DIS,Walt Disney Company (The),Communication Services,Entertainment,DIVIDENT,73.0,United States of America,Americas,Northern America,2024,1,10,1
DIS,Walt Disney Company (The),Communication Services,Entertainment,DIVIDENT,71.0,United States of America,Americas,Northern America,2024,1,10,1
DIS,Walt Disney Company (The),Communication Services,Entertainment,DIVIDENT,71.0,United States of America,Americas,Northern America,2024,1,10,1
DIS,Walt Disney Company (The),Communication Services,Entertainment,DIVIDENT,69.0,United States of America,Americas,Northern America,2024,1,10,1
DIS,Walt Disney Company (The),Communication Services,Entertainment,DIVIDENT,69.0,United States of America,Americas,Northern America,2024,1,10,1
DIS,Walt Disney Company (The),Communication Services,Entertainment,DIVIDENT,68.0,United States of America,Americas,Northern America,2024,1,10,1
DIS,Walt Disney Company (The),Communication Services,Entertainment,DIVIDENT,68.0,United States of America,Americas,Northern America,2024,1,10,1
DIS,Walt Disney Company (The),Communication Services,Entertainment,DIVIDENT,67.0,United States of America,Americas,Northern America,2024,1,10,1
DIS,Walt Disney Company (The),Communication Services,Entertainment,DIVIDENT,67.0,United States of America,Americas,Northern America,2024,1,10,1
DIS,Walt Disney Company (The),Communication Services,Entertainment,DIVIDENT,63.0,United States of America,Americas,Northern America,2024,1,10,1
DIS,Walt Disney Company (The),Communication Services,Entertainment,DIVIDENT,63.0,United States of America,Americas,Northern America,2024,1,10,1
DIS,Walt Disney Company (The),Communication Services,Entertainment,DIVIDENT,62.0,United States of America,Americas,Northern America,2024,1,10,1
DIS,Walt Disney Company (The),Communication Services,Entertainment,DIVIDENT,62.0,United States of America,Americas,Northern America,2024,1,10,1
DIS,Walt Disney Company (The),Communication Services,Entertainment,DIVIDENT,62.0,United States of America,Americas,Northern America,2024,1,10,1
DIS,Walt Disney Company (The),Communication Services,Entertainment,DIVIDENT,62.0,United States of America,Americas,Northern America,2024,1,10,1
DIS,Walt Disney Company (The),Communication Services,Entertainment,DIVIDENT,61.0,United States of America,Americas,Northern America,2024,1,10,1
DIS,Walt Disney Company (The),Communication Services,Entertainment,DIVIDENT,61.0,United States of America,Americas,Northern America,2024,1,10,1
DIS,Walt Disney Company (The),Communication Services,Entertainment,DIVIDENT,60.0,United States of America,Americas,Northern America,2024,1,10,1
DIS,Walt Disney Company (The),Communication Services,Entertainment,DIVIDENT,60.0,United States of America,Americas,Northern America,2024,1,10,1
DIS,Walt Disney Company (The),Communication Services,Entertainment,DIVIDENT,60.0,United States of America,Americas,Northern America,2024,1,10,1
CSCO,"Cisco Systems, Inc.",Technology,Communication Equipment,DIVIDENT,60.0,United States of America,Americas,Northern America,2024,1,24,1
ASML,ASML Holding N.V. - New York Re,Technology,Semiconductor Equipment & Materials,DIVIDENT,60.0,"Netherlands, Kingdom of the",Europe,Western Europe,2024,2,14,1
V,Visa Inc.,Financial Services,Credit Services,DIVIDENT,60.0,United States of America,Americas,Northern America,2024,3,1,1
MSFT,Microsoft Corporation,Technology,Software - Infrastructure,DIVIDENT,58.0,United States of America,Americas,Northern America,2024,3,14,1
MSFT,Microsoft Corporation,Technology,Software - Infrastructure,DIVIDENT,58.0,United States of America,Americas,Northern America,2024,3,14,1
BLK,"BlackRock, Inc.",Financial Services,Asset Management,DIVIDENT,58.0,United States of America,Americas,Northern America,2024,3,22,1
YMM,Full Truck Alliance Co. Ltd.,Technology,Software - Application,DIVIDENT,58.0,China,Asia,Eastern Asia,2024,3,26,1
BKNG,Booking Holdings Inc. Common St,Consumer Cyclical,Travel Services,DIVIDENT,58.0,United States of America,Americas,Northern America,2024,3,28,1
,,,,DIVIDENT,58.0,,,,2024,4,11,2
JPM,JP Morgan Chase & Co.,Financial Services,Banks - Diversified,DIVIDENT,58.0,United States of America,Americas,Northern America,2024,4,30,2
IMAX,Imax Corporation,Communication Services,Entertainment,DIVIDENT,58.0,Canada,Americas,Northern America,2024,5,7,2
IMAX,Imax Corporation,Communication Services,Entertainment,DIVIDENT,57.0,Canada,Americas,Northern America,2024,5,7,2
AAPL,Apple Inc.,Technology,Consumer Electronics,DIVIDENT,57.0,United States of America,Americas,Northern America,2024,5,16,2
RGA,"Reinsurance Group of America, I",Financial Services,Insurance - Reinsurance,DIVIDENT,56.0,United States of America,Americas,Northern America,2024,5,28,2
V,Visa Inc.,Financial Services,Credit Services,DIVIDENT,56.0,United States of America,Americas,Northern America,2024,6,3,2
MSFT,Microsoft Corporation,Technology,Software - Infrastructure,DIVIDENT,56.0,United States of America,Americas,Northern America,2024,6,13,2
MDT,Medtronic plc.,Healthcare,Medical Devices,DIVIDENT,56.0,Ireland,Europe,Northern Europe,2024,6,14,2
TT,Trane Technologies plc,Industrials,Building Products & Equipment,DIVIDENT,56.0,Ireland,Europe,Northern Europe,2024,6,15,2
GM,General Motors Company,Consumer Cyclical,Auto Manufacturers,DIVIDENT,56.0,United States of America,Americas,Northern America,2024,6,20,2
GM,General Motors Company,Consumer Cyclical,Auto Manufacturers,DIVIDENT,56.0,United States of America,Americas,Northern America,2024,6,20,2
GOOG,Alphabet Inc.,Communication Services,Internet Content & Information,DIVIDENT,56.0,United States of America,Americas,Northern America,2024,6,20,2
MDT,Medtronic plc.,Healthcare,Medical Devices,DIVIDENT,55.0,Ireland,Europe,Northern Europe,2024,6,21,2
BLK,"BlackRock, Inc.",Financial Services,Asset Management,DIVIDENT,55.0,United States of America,Americas,Northern America,2024,6,24,2
BLK,"BlackRock, Inc.",Financial Services,Asset Management,DIVIDENT,55.0,United States of America,Americas,Northern America,2024,6,24,2
META,"Meta Platforms, Inc.",Communication Services,Internet Content & Information,DIVIDENT,55.0,United States of America,Americas,Northern America,2024,6,26,2
MDT,Medtronic plc.,Healthcare,Medical Devices,DIVIDENT,55.0,Ireland,Europe,Northern Europe,2024,6,27,2
MDT,Medtronic plc.,Healthcare,Medical Devices,DIVIDENT,55.0,Ireland,Europe,Northern Europe,2024,6,27,2
KNSA,"Kiniksa Pharmaceuticals, Ltd.",Healthcare,Drug Manufacturers - Specialty & Generic,DIVIDENT,55.0,United Kingdom of Great Britain and Northern Ireland,Europe,Northern Europe,2024,6,28,2
TEL,TE Connectivity plc,Technology,Electronic Components,DIVIDENT,54.0,Ireland,Europe,Northern Europe,2024,7,8,3
DIS,Walt Disney Company (The),Communication Services,Entertainment,DIVIDENT,54.0,United States of America,Americas,Northern America,2024,7,25,3
JPM,JP Morgan Chase & Co.,Financial Services,Banks - Diversified,DIVIDENT,53.0,United States of America,Americas,Northern America,2024,7,31,3
DELL,Dell Technologies Inc.,Technology,Computer Hardware,DIVIDENT,53.0,United States of America,Americas,Northern America,2024,8,2,3
IMAX,Imax Corporation,Communication Services,Entertainment,DIVIDENT,53.0,Canada,Americas,Northern America,2024,8,7,3
MA,Mastercard Incorporated,Financial Services,Credit Services,DIVIDENT,52.0,United States of America,Americas,Northern America,2024,8,9,3
AAPL,Apple Inc.,Technology,Consumer Electronics,DIVIDENT,52.0,United States of America,Americas,Northern America,2024,8,15,3
RGA,"Reinsurance Group of America, I",Financial Services,Insurance - Reinsurance,DIVIDENT,51.0,United States of America,Americas,Northern America,2024,8,27,3
INTC,Intel Corporation,Technology,Semiconductors,DIVIDENT,51.0,United States of America,Americas,Northern America,2024,9,1,3
V,Visa Inc.,Financial Services,Credit Services,DIVIDENT,50.0,United States of America,Americas,Northern America,2024,9,3,3
V,Visa Inc.,Financial Services,Credit Services,DIVIDENT,50.0,United States of America,Americas,Northern America,2024,9,3,3
GSL,Global Ship Lease Inc New,Industrials,Marine Shipping,DIVIDENT,50.0,Greece,Europe,Southern Europe,2024,9,4,3
GSL,Global Ship Lease Inc New,Industrials,Marine Shipping,DIVIDENT,50.0,Greece,Europe,Southern Europe,2024,9,4,3
MSFT,Microsoft Corporation,Technology,Software - Infrastructure,DIVIDENT,50.0,United States of America,Americas,Northern America,2024,9,12,3
MDT,Medtronic plc.,Healthcare,Medical Devices,DIVIDENT,50.0,Ireland,Europe,Northern Europe,2024,9,13,3
MDT,Medtronic plc.,Healthcare,Medical Devices,DIVIDENT,50.0,Ireland,Europe,Northern Europe,2024,9,13,3
MDT,Medtronic plc.,Healthcare,Medical Devices,DIVIDENT,50.0,Ireland,Europe,Northern Europe,2024,9,13,3
MDT,Medtronic plc.,Healthcare,Medical Devices,DIVIDENT,49.0,Ireland,Europe,Northern Europe,2024,9,13,3
TT,Trane Technologies plc,Industrials,Building Products & Equipment,DIVIDENT,49.0,Ireland,Europe,Northern Europe,2024,9,13,3
GOOG,Alphabet Inc.,Communication Services,Internet Content & Information,DIVIDENT,49.0,United States of America,Americas,Northern America,2024,9,16,3
GOOG,Alphabet Inc.,Communication Services,Internet Content & Information,DIVIDENT,49.0,United States of America,Americas,Northern America,2024,9,16,3
BLK,"BlackRock, Inc.",Financial Services,Asset Management,DIVIDENT,48.0,United States of America,Americas,Northern America,2024,9,23,3
META,"Meta Platforms, Inc.",Communication Services,Internet Content & Information,DIVIDENT,48.0,United States of America,Americas,Northern America,2024,9,26,3
ETN,"Eaton Corporation, PLC",Industrials,Specialty Industrial Machinery,DIVIDENT,48.0,Ireland,Europe,Northern Europe,2024,9,27,3
ETN,"Eaton Corporation, PLC",Industrials,Specialty Industrial Machinery,DIVIDENT,48.0,Ireland,Europe,Northern Europe,2024,9,27,3
ETN,"Eaton Corporation, PLC",Industrials,Specialty Industrial Machinery,DIVIDENT,48.0,Ireland,Europe,Northern Europe,2024,9,27,3
KNSA,"Kiniksa Pharmaceuticals, Ltd.",Healthcare,Drug Manufacturers - Specialty & Generic,DIVIDENT,48.0,United Kingdom of Great Britain and Northern Ireland,Europe,Northern Europe,2024,10,3,4
KNSA,"Kiniksa Pharmaceuticals, Ltd.",Healthcare,Drug Manufacturers - Specialty & Generic,DIVIDENT,47.0,United Kingdom of Great Britain and Northern Ireland,Europe,Northern Europe,2024,10,3,4
CB,Chubb Limited,Financial Services,Insurance - Property & Casualty,DIVIDENT,47.0,Switzerland,Europe,Western Europe,2024,10,4,4
,,,,DIVIDENT,47.0,,,,2024,10,11,4
,,,,DIVIDENT,47.0,,,,2024,10,11,4
IMMR,Immersion Corporation,Technology,Software - Application,DIVIDENT,46.0,United States of America,Americas,Northern America,2024,10,18,4
MA,Mastercard Incorporated,Financial Services,Credit Services,DIVIDENT,46.0,United States of America,Americas,Northern America,2024,11,8,4
AAPL,Apple Inc.,Technology,Consumer Electronics,DIVIDENT,46.0,United States of America,Americas,Northern America,2024,11,14,4
GSL,Global Ship Lease Inc New,Industrials,Marine Shipping,DIVIDENT,46.0,Greece,Europe,Southern Europe,2024,12,4,4
ETN,"Eaton Corporation, PLC",Industrials,Specialty Industrial Machinery,DIVIDENT,46.0,Ireland,Europe,Northern Europe,2024,12,13,4
ETN,"Eaton Corporation, PLC",Industrials,Specialty Industrial Machinery,DIVIDENT,46.0,Ireland,Europe,Northern Europe,2024,12,13,4
ETN,"Eaton Corporation, PLC",Industrials,Specialty Industrial Machinery,DIVIDENT,46.0,Ireland,Europe,Northern Europe,2024,12,13,4
ETN,"Eaton Corporation, PLC",Industrials,Specialty Industrial Machinery,DIVIDENT,45.0,Ireland,Europe,Northern Europe,2024,12,13,4
TEL,TE Connectivity plc,Technology,Electronic Components,DIVIDENT,45.0,Ireland,Europe,Northern Europe,2024,12,16,4
GOOG,Alphabet Inc.,Communication Services,Internet Content & Information,DIVIDENT,45.0,United States of America,Americas,Northern America,2024,12,16,4
BLK,"BlackRock, Inc.",Financial Services,Asset Management,DIVIDENT,45.0,United States of America,Americas,Northern America,2024,12,23,4
ETN,"Eaton Corporation, PLC",Industrials,Specialty Industrial Machinery,DIVIDENT,45.0,Ireland,Europe,Northern Europe,2024,12,27,4
ETN,"Eaton Corporation, PLC",Industrials,Specialty Industrial Machinery,DIVIDENT,45.0,Ireland,Europe,Northern Europe,2024,12,27,4
META,"Meta Platforms, Inc.",Communication Services,Internet Content & Information,DIVIDENT,45.0,United States of America,Americas,Northern America,2024,12,27,4
GOOG,Alphabet Inc.,Communication Services,Internet Content & Information,SELL,45.0,United States of America,Americas,Northern America,2024,8,16,3
BRFS,BRF S.A.,Consumer Defensive,Packaged Foods,SELL,45.0,Brazil,Americas,Latin America and the Caribbean,2024,8,7,3
ASML,ASML Holding N.V. - New York Re,Technology,Semiconductor Equipment & Materials,SELL,45.0,"Netherlands, Kingdom of the",Europe,Western Europe,2024,2,13,1
KNSA,"Kiniksa Pharmaceuticals, Ltd.",Healthcare,Drug Manufacturers - Specialty & Generic,SELL,45.0,United Kingdom of Great Britain and Northern Ireland,Europe,Northern Europe,2024,2,22,1
DOLE,Dole plc,Consumer Defensive,Farm Products,SELL,45.0,Ireland,Europe,Northern Europe,2024,3,19,1
META,"Meta Platforms, Inc.",Communication Services,Internet Content & Information,SELL,44.0,United States of America,Americas,Northern America,2024,8,7,3
EH,EHang Holdings Limited,Industrials,Aerospace & Defense,SELL,44.0,China,Asia,Eastern Asia,2024,2,22,1
ASML,ASML Holding N.V. - New York Re,Technology,Semiconductor Equipment & Materials,SELL,44.0,"Netherlands, Kingdom of the",Europe,Western Europe,2024,10,16,4
IMAX,Imax Corporation,Communication Services,Entertainment,SELL,44.0,Canada,Americas,Northern America,2024,2,19,1
KNSA,"Kiniksa Pharmaceuticals, Ltd.",Healthcare,Drug Manufacturers - Specialty & Generic,SELL,44.0,United Kingdom of Great Britain and Northern Ireland,Europe,Northern Europe,2024,3,6,1
MSFT,Microsoft Corporation,Technology,Software - Infrastructure,SELL,44.0,United States of America,Americas,Northern America,2024,10,31,4
EH,EHang Holdings Limited,Industrials,Aerospace & Defense,SELL,43.0,China,Asia,Eastern Asia,2024,2,29,1
SMNEY,Siemens Energy AG,Industrials,Specialty Industrial Machinery,SELL,43.0,Germany,Europe,Western Europe,2024,4,9,2
BLK,"BlackRock, Inc.",Financial Services,Asset Management,SELL,43.0,United States of America,Americas,Northern America,2024,3,22,1
BLK,"BlackRock, Inc.",Financial Services,Asset Management,SELL,43.0,United States of America,Americas,Northern America,2024,1,22,1
AMZN,"Amazon.com, Inc.",Consumer Cyclical,Internet Retail,SELL,43.0,United States of America,Americas,Northern America,2024,11,4,4
EH,EHang Holdings Limited,Industrials,Aerospace & Defense,SELL,43.0,China,Asia,Eastern Asia,2024,2,22,1
AMCR,Amcor plc,Consumer Cyclical,Packaging & Containers,SELL,43.0,Switzerland,Europe,Western Europe,2024,3,6,1
BRFS,BRF S.A.,Consumer Defensive,Packaged Foods,SELL,42.0,Brazil,Americas,Latin America and the Caribbean,2024,5,2,2
KNSA,"Kiniksa Pharmaceuticals, Ltd.",Healthcare,Drug Manufacturers - Specialty & Generic,SELL,42.0,United Kingdom of Great Britain and Northern Ireland,Europe,Northern Europe,2024,2,22,1
SPOT,Spotify Technology S.A.,Communication Services,Internet Content & Information,SELL,42.0,Luxembourg,Europe,Western Europe,2024,9,13,3
PANW,"Palo Alto Networks, Inc.",Technology,Software - Infrastructure,SELL,42.0,United States of America,Americas,Northern America,2024,6,28,2
SMNEY,Siemens Energy AG,Industrials,Specialty Industrial Machinery,SELL,42.0,Germany,Europe,Western Europe,2024,3,8,1
SPOT,Spotify Technology S.A.,Communication Services,Internet Content & Information,SELL,41.0,Luxembourg,Europe,Western Europe,2024,5,24,2
SMNEY,Siemens Energy AG,Industrials,Specialty Industrial Machinery,SELL,41.0,Germany,Europe,Western Europe,2024,3,20,1
MSFT,Microsoft Corporation,Technology,Software - Infrastructure,SELL,41.0,United States of America,Americas,Northern America,2024,4,17,2
KNSA,"Kiniksa Pharmaceuticals, Ltd.",Healthcare,Drug Manufacturers - Specialty & Generic,SELL,41.0,United Kingdom of Great Britain and Northern Ireland,Europe,Northern Europe,2024,1,16,1
EH,EHang Holdings Limited,Industrials,Aerospace & Defense,SELL,41.0,China,Asia,Eastern Asia,2024,2,12,1
MA,Mastercard Incorporated,Financial Services,Credit Services,SELL,41.0,United States of America,Americas,Northern America,2024,10,22,4
EH,EHang Holdings Limited,Industrials,Aerospace & Defense,SELL,41.0,China,Asia,Eastern Asia,2024,3,19,1
IMAX,Imax Corporation,Communication Services,Entertainment,SELL,41.0,Canada,Americas,Northern America,2024,3,15,1
WB,Weibo Corporation,Communication Services,Internet Content & Information,SELL,40.0,China,Asia,Eastern Asia,2024,3,8,1
SPOT,Spotify Technology S.A.,Communication Services,Internet Content & Information,SELL,40.0,Luxembourg,Europe,Western Europe,2024,12,10,4
WB,Weibo Corporation,Communication Services,Internet Content & Information,SELL,40.0,China,Asia,Eastern Asia,2024,6,7,2
LIN,Linde plc,Basic Materials,Specialty Chemicals,SELL,40.0,United Kingdom of Great Britain and Northern Ireland,Europe,Northern Europe,2024,3,27,1
WB,Weibo Corporation,Communication Services,Internet Content & Information,SELL,39.0,China,Asia,Eastern Asia,2024,3,22,1
WB,Weibo Corporation,Communication Services,Internet Content & Information,SELL,39.0,China,Asia,Eastern Asia,2024,3,5,1
META,"Meta Platforms, Inc.",Communication Services,Internet Content & Information,SELL,39.0,United States of America,Americas,Northern America,2024,6,6,2
EH,EHang Holdings Limited,Industrials,Aerospace & Defense,SELL,39.0,China,Asia,Eastern Asia,2024,2,15,1
WB,Weibo Corporation,Communication Services,Internet Content & Information,SELL,39.0,China,Asia,Eastern Asia,2024,2,20,1
EH,EHang Holdings Limited,Industrials,Aerospace & Defense,SELL,39.0,China,Asia,Eastern Asia,2024,2,15,1
ASML,ASML Holding N.V. - New York Re,Technology,Semiconductor Equipment & Materials,SELL,39.0,"Netherlands, Kingdom of the",Europe,Western Europe,2024,10,21,4
MA,Mastercard Incorporated,Financial Services,Credit Services,SELL,39.0,United States of America,Americas,Northern America,2024,9,18,3
LIN,Linde plc,Basic Materials,Specialty Chemicals,SELL,39.0,United Kingdom of Great Britain and Northern Ireland,Europe,Northern Europe,2024,3,22,1
LIN,Linde plc,Basic Materials,Specialty Chemicals,SELL,39.0,United Kingdom of Great Britain and Northern Ireland,Europe,Northern Europe,2024,3,8,1
WB,Weibo Corporation,Communication Services,Internet Content & Information,SELL,39.0,China,Asia,Eastern Asia,2024,2,23,1
MSFT,Microsoft Corporation,Technology,Software - Infrastructure,SELL,39.0,United States of America,Americas,Northern America,2024,10,31,4
KNSA,"Kiniksa Pharmaceuticals, Ltd.",Healthcare,Drug Manufacturers - Specialty & Generic,SELL,38.0,United Kingdom of Great Britain and Northern Ireland,Europe,Northern Europe,2024,4,2,2
KNSA,"Kiniksa Pharmaceuticals, Ltd.",Healthcare,Drug Manufacturers - Specialty & Generic,SELL,38.0,United Kingdom of Great Britain and Northern Ireland,Europe,Northern Europe,2024,3,12,1
EH,EHang Holdings Limited,Industrials,Aerospace & Defense,SELL,38.0,China,Asia,Eastern Asia,2024,3,1,1
KNSA,"Kiniksa Pharmaceuticals, Ltd.",Healthcare,Drug Manufacturers - Specialty & Generic,SELL,38.0,United Kingdom of Great Britain and Northern Ireland,Europe,Northern Europe,2024,3,13,1
KNSA,"Kiniksa Pharmaceuticals, Ltd.",Healthcare,Drug Manufacturers - Specialty & Generic,SELL,38.0,United Kingdom of Great Britain and Northern Ireland,Europe,Northern Europe,2024,4,4,2
CVE,Cenovus Energy Inc,Energy,Oil & Gas Integrated,SELL,38.0,Canada,Americas,Northern America,2024,9,20,3
EH,EHang Holdings Limited,Industrials,Aerospace & Defense,SELL,37.0,China,Asia,Eastern Asia,2024,2,26,1
EH,EHang Holdings Limited,Industrials,Aerospace & Defense,SELL,37.0,China,Asia,Eastern Asia,2024,2,15,1
KNSA,"Kiniksa Pharmaceuticals, Ltd.",Healthcare,Drug Manufacturers - Specialty & Generic,SELL,37.0,United Kingdom of Great Britain and Northern Ireland,Europe,Northern Europe,2024,3,11,1
KNSA,"Kiniksa Pharmaceuticals, Ltd.",Healthcare,Drug Manufacturers - Specialty & Generic,SELL,37.0,United Kingdom of Great Britain and Northern Ireland,Europe,Northern Europe,2024,3,14,1
LLY,Eli Lilly and Company,Healthcare,Drug Manufacturers - General,SELL,37.0,United States of America,Americas,Northern America,2024,10,8,4
KNSA,"Kiniksa Pharmaceuticals, Ltd.",Healthcare,Drug Manufacturers - Specialty & Generic,SELL,37.0,United Kingdom of Great Britain and Northern Ireland,Europe,Northern Europe,2024,3,18,1
KNSA,"Kiniksa Pharmaceuticals, Ltd.",Healthcare,Drug Manufacturers - Specialty & Generic,SELL,37.0,United Kingdom of Great Britain and Northern Ireland,Europe,Northern Europe,2024,3,21,1
KNSA,"Kiniksa Pharmaceuticals, Ltd.",Healthcare,Drug Manufacturers - Specialty & Generic,SELL,37.0,United Kingdom of Great Britain and Northern Ireland,Europe,Northern Europe,2024,3,15,1
ASML,ASML Holding N.V. - New York Re,Technology,Semiconductor Equipment & Materials,SELL,37.0,"Netherlands, Kingdom of the",Europe,Western Europe,2024,1,30,1
KNSA,"Kiniksa Pharmaceuticals, Ltd.",Healthcare,Drug Manufacturers - Specialty & Generic,SELL,37.0,United Kingdom of Great Britain and Northern Ireland,Europe,Northern Europe,2024,3,12,1
EH,EHang Holdings Limited,Industrials,Aerospace & Defense,SELL,36.0,China,Asia,Eastern Asia,2024,2,23,1
EH,EHang Holdings Limited,Industrials,Aerospace & Defense,SELL,36.0,China,Asia,Eastern Asia,2024,2,26,1
LIN,Linde plc,Basic Materials,Specialty Chemicals,SELL,36.0,United Kingdom of Great Britain and Northern Ireland,Europe,Northern Europe,2024,3,4,1
LIN,Linde plc,Basic Materials,Specialty Chemicals,SELL,36.0,United Kingdom of Great Britain and Northern Ireland,Europe,Northern Europe,2024,5,7,2
MSFT,Microsoft Corporation,Technology,Software - Infrastructure,SELL,36.0,United States of America,Americas,Northern America,2024,9,4,3
BLK,"BlackRock, Inc.",Financial Services,Asset Management,SELL,36.0,United States of America,Americas,Northern America,2024,3,15,1
BLK,"BlackRock, Inc.",Financial Services,Asset Management,SELL,35.0,United States of America,Americas,Northern America,2024,3,11,1
LIN,Linde plc,Basic Materials,Specialty Chemicals,SELL,35.0,United Kingdom of Great Britain and Northern Ireland,Europe,Northern Europe,2024,2,23,1
EH,EHang Holdings Limited,Industrials,Aerospace & Defense,SELL,35.0,China,Asia,Eastern Asia,2024,2,22,1
MSFT,Microsoft Corporation,Technology,Software - Infrastructure,SELL,35.0,United States of America,Americas,Northern America,2024,2,14,1
EH,EHang Holdings Limited,Industrials,Aerospace & Defense,SELL,35.0,China,Asia,Eastern Asia,2024,2,20,1
BLK,"BlackRock, Inc.",Financial Services,Asset Management,SELL,35.0,United States of America,Americas,Northern America,2024,2,27,1
EH,EHang Holdings Limited,Industrials,Aerospace & Defense,SELL,35.0,China,Asia,Eastern Asia,2024,2,12,1
BLK,"BlackRock, Inc.",Financial Services,Asset Management,SELL,35.0,United States of America,Americas,Northern America,2024,3,5,1
MSFT,Microsoft Corporation,Technology,Software - Infrastructure,SELL,35.0,United States of America,Americas,Northern America,2024,5,7,2
CNH,CNH Industrial N.V.,Industrials,Farm & Heavy Construction Machinery,SELL,35.0,United Kingdom of Great Britain and Northern Ireland,Europe,Northern Europe,2024,2,27,1
BLK,"BlackRock, Inc.",Financial Services,Asset Management,SELL,35.0,United States of America,Americas,Northern America,2024,2,26,1
MSFT,Microsoft Corporation,Technology,Software - Infrastructure,SELL,35.0,United States of America,Americas,Northern America,2024,4,26,2
BLK,"BlackRock, Inc.",Financial Services,Asset Management,SELL,34.0,United States of America,Americas,Northern America,2024,2,1,1
SMNEY,Siemens Energy AG,Industrials,Specialty Industrial Machinery,SELL,34.0,Germany,Europe,Western Europe,2024,4,18,2
TCX,Tucows Inc.,Technology,Software - Infrastructure,SELL,34.0,Canada,Americas,Northern America,2024,2,14,1
BLK,"BlackRock, Inc.",Financial Services,Asset Management,SELL,34.0,United States of America,Americas,Northern America,2024,2,20,1
EH,EHang Holdings Limited,Industrials,Aerospace & Defense,SELL,34.0,China,Asia,Eastern Asia,2024,4,24,2
EH,EHang Holdings Limited,Industrials,Aerospace & Defense,SELL,34.0,China,Asia,Eastern Asia,2024,2,13,1
SMNEY,Siemens Energy AG,Industrials,Specialty Industrial Machinery,SELL,34.0,Germany,Europe,Western Europe,2024,4,17,2
KNSA,"Kiniksa Pharmaceuticals, Ltd.",Healthcare,Drug Manufacturers - Specialty & Generic,SELL,34.0,United Kingdom of Great Britain and Northern Ireland,Europe,Northern Europe,2024,4,22,2
LLY,Eli Lilly and Company,Healthcare,Drug Manufacturers - General,SELL,34.0,United States of America,Americas,Northern America,2024,3,19,1
LLY,Eli Lilly and Company,Healthcare,Drug Manufacturers - General,SELL,34.0,United States of America,Americas,Northern America,2024,11,18,4
EH,EHang Holdings Limited,Industrials,Aerospace & Defense,SELL,33.0,China,Asia,Eastern Asia,2024,2,21,1
SPOT,Spotify Technology S.A.,Communication Services,Internet Content & Information,SELL,33.0,Luxembourg,Europe,Western Europe,2024,10,30,4
MSFT,Microsoft Corporation,Technology,Software - Infrastructure,SELL,33.0,United States of America,Americas,Northern America,2024,5,28,2
NEE,"NextEra Energy, Inc.",Utilities,Utilities - Regulated Electric,SELL,33.0,United States of America,Americas,Northern America,2024,2,20,1
LLY,Eli Lilly and Company,Healthcare,Drug Manufacturers - General,SELL,33.0,United States of America,Americas,Northern America,2024,3,13,1
ASML,ASML Holding N.V. - New York Re,Technology,Semiconductor Equipment & Materials,SELL,33.0,"Netherlands, Kingdom of the",Europe,Western Europe,2024,2,12,1
LLY,Eli Lilly and Company,Healthcare,Drug Manufacturers - General,SELL,33.0,United States of America,Americas,Northern America,2024,4,24,2
KNSA,"Kiniksa Pharmaceuticals, Ltd.",Healthcare,Drug Manufacturers - Specialty & Generic,SELL,33.0,United Kingdom of Great Britain and Northern Ireland,Europe,Northern Europe,2024,2,20,1
WB,Weibo Corporation,Communication Services,Internet Content & Information,SELL,33.0,China,Asia,Eastern Asia,2024,2,15,1
EH,EHang Holdings Limited,Industrials,Aerospace & Defense,SELL,33.0,China,Asia,Eastern Asia,2024,2,21,1
KNSA,"Kiniksa Pharmaceuticals, Ltd.",Healthcare,Drug Manufacturers - Specialty & Generic,SELL,32.0,United Kingdom of Great Britain and Northern Ireland,Europe,Northern Europe,2024,2,16,1
TCX,Tucows Inc.,Technology,Software - Infrastructure,SELL,32.0,Canada,Americas,Northern America,2024,1,29,1
WB,Weibo Corporation,Communication Services,Internet Content & Information,SELL,32.0,China,Asia,Eastern Asia,2024,12,20,4
EH,EHang Holdings Limited,Industrials,Aerospace & Defense,SELL,32.0,China,Asia,Eastern Asia,2024,4,23,2
ASML,ASML Holding N.V. - New York Re,Technology,Semiconductor Equipment & Materials,SELL,31.0,"Netherlands, Kingdom of the",Europe,Western Europe,2024,1,26,1
CNH,CNH Industrial N.V.,Industrials,Farm & Heavy Construction Machinery,SELL,31.0,United Kingdom of Great Britain and Northern Ireland,Europe,Northern Europe,2024,2,13,1
META,"Meta Platforms, Inc.",Communication Services,Internet Content & Information,SELL,30.0,United States of America,Americas,Northern America,2024,9,24,3
ASML,ASML Holding N.V. - New York Re,Technology,Semiconductor Equipment & Materials,SELL,30.0,"Netherlands, Kingdom of the",Europe,Western Europe,2024,1,9,1
YMM,Full Truck Alliance Co. Ltd.,Technology,Software - Application,SELL,30.0,China,Asia,Eastern Asia,2024,4,4,2
CNH,CNH Industrial N.V.,Industrials,Farm & Heavy Construction Machinery,SELL,30.0,United Kingdom of Great Britain and Northern Ireland,Europe,Northern Europe,2024,2,21,1
YMM,Full Truck Alliance Co. Ltd.,Technology,Software - Application,SELL,30.0,China,Asia,Eastern Asia,2024,4,9,2
,,,,SELL,30.0,,,,2024,9,19,3
AMCR,Amcor plc,Consumer Cyclical,Packaging & Containers,SELL,30.0,Switzerland,Europe,Western Europe,2024,5,24,2
ASML,ASML Holding N.V. - New York Re,Technology,Semiconductor Equipment & Materials,SELL,30.0,"Netherlands, Kingdom of the",Europe,Western Europe,2024,2,8,1
DTRUY,DAIMLER TRUCK HLDG AG,Industrials,Farm & Heavy Construction Machinery,SELL,30.0,Germany,Europe,Western Europe,2024,3,21,1
YMM,Full Truck Alliance Co. Ltd.,Technology,Software - Application,SELL,30.0,China,Asia,Eastern Asia,2024,4,15,2
YMM,Full Truck Alliance Co. Ltd.,Technology,Software - Application,SELL,30.0,China,Asia,Eastern Asia,2024,4,19,2
PANW,"Palo Alto Networks, Inc.",Technology,Software - Infrastructure,SELL,29.0,United States of America,Americas,Northern America,2024,9,13,3
ASML,ASML Holding N.V. - New York Re,Technology,Semiconductor Equipment & Materials,SELL,29.0,"Netherlands, Kingdom of the",Europe,Western Europe,2024,12,5,4
ARM,Arm Holdings plc,Technology,Semiconductors,SELL,29.0,United Kingdom of Great Britain and Northern Ireland,Europe,Northern Europe,2024,9,16,3
SPOT,Spotify Technology S.A.,Communication Services,Internet Content & Information,SELL,29.0,Luxembourg,Europe,Western Europe,2024,9,3,3
EH,EHang Holdings Limited,Industrials,Aerospace & Defense,SELL,29.0,China,Asia,Eastern Asia,2024,2,13,1
EH,EHang Holdings Limited,Industrials,Aerospace & Defense,SELL,29.0,China,Asia,Eastern Asia,2024,2,14,1
MA,Mastercard Incorporated,Financial Services,Credit Services,SELL,28.0,United States of America,Americas,Northern America,2024,4,18,2
AMCR,Amcor plc,Consumer Cyclical,Packaging & Containers,SELL,28.0,Switzerland,Europe,Western Europe,2024,5,10,2
SPOT,Spotify Technology S.A.,Communication Services,Internet Content & Information,SELL,28.0,Luxembourg,Europe,Western Europe,2024,4,23,2
CNH,CNH Industrial N.V.,Industrials,Farm & Heavy Construction Machinery,SELL,28.0,United Kingdom of Great Britain and Northern Ireland,Europe,Northern Europe,2024,1,24,1
CDNS,"Cadence Design Systems, Inc.",Technology,Software - Application,SELL,28.0,United States of America,Americas,Northern America,2024,4,15,2
CDNS,"Cadence Design Systems, Inc.",Technology,Software - Application,SELL,28.0,United States of America,Americas,Northern America,2024,12,20,4
SPOT,Spotify Technology S.A.,Communication Services,Internet Content & Information,SELL,28.0,Luxembourg,Europe,Western Europe,2024,6,5,2
DTRUY,DAIMLER TRUCK HLDG AG,Industrials,Farm & Heavy Construction Machinery,SELL,28.0,Germany,Europe,Western Europe,2024,3,6,1
SPOT,Spotify Technology S.A.,Communication Services,Internet Content & Information,SELL,28.0,Luxembourg,Europe,Western Europe,2024,7,24,3
BLK,"BlackRock, Inc.",Financial Services,Asset Management,SELL,27.0,United States of America,Americas,Northern America,2024,2,13,1
CNH,CNH Industrial N.V.,Industrials,Farm & Heavy Construction Machinery,SELL,27.0,United Kingdom of Great Britain and Northern Ireland,Europe,Northern Europe,2024,1,31,1
CNH,CNH Industrial N.V.,Industrials,Farm & Heavy Construction Machinery,SELL,27.0,United Kingdom of Great Britain and Northern Ireland,Europe,Northern Europe,2024,1,25,1
META,"Meta Platforms, Inc.",Communication Services,Internet Content & Information,SELL,27.0,United States of America,Americas,Northern America,2024,12,18,4
SPOT,Spotify Technology S.A.,Communication Services,Internet Content & Information,SELL,27.0,Luxembourg,Europe,Western Europe,2024,6,17,2
PANW,"Palo Alto Networks, Inc.",Technology,Software - Infrastructure,SELL,27.0,United States of America,Americas,Northern America,2024,5,28,2
AIR,AAR Corp.,Industrials,Aerospace & Defense,SELL,27.0,United States of America,Americas,Northern America,2024,1,16,1
DTRUY,DAIMLER TRUCK HLDG AG,Industrials,Farm & Heavy Construction Machinery,SELL,27.0,Germany,Europe,Western Europe,2024,3,4,1
META,"Meta Platforms, Inc.",Communication Services,Internet Content & Information,SELL,27.0,United States of America,Americas,Northern America,2024,12,20,4
NVCR,NovoCure Limited,Healthcare,Medical Devices,SELL,27.0,Switzerland,Europe,Western Europe,2024,5,2,2
CNH,CNH Industrial N.V.,Industrials,Farm & Heavy Construction Machinery,SELL,27.0,United Kingdom of Great Britain and Northern Ireland,Europe,Northern Europe,2024,1,23,1
OR,Osisko Gold Royalties Ltd,Basic Materials,Gold,SELL,27.0,Canada,Americas,Northern America,2024,4,17,2
CNH,CNH Industrial N.V.,Industrials,Farm & Heavy Construction Machinery,SELL,27.0,United Kingdom of Great Britain and Northern Ireland,Europe,Northern Europe,2024,1,24,1
CPA,"Copa Holdings, S.A.",Industrials,Airlines,SELL,27.0,Panama,Americas,Latin America and the Caribbean,2024,1,12,1
CDNS,"Cadence Design Systems, Inc.",Technology,Software - Application,SELL,27.0,United States of America,Americas,Northern America,2024,10,30,4
CDNS,"Cadence Design Systems, Inc.",Technology,Software - Application,SELL,26.0,United States of America,Americas,Northern America,2024,6,13,2
NVCR,NovoCure Limited,Healthcare,Medical Devices,SELL,26.0,Switzerland,Europe,Western Europe,2024,4,23,2
META,"Meta Platforms, Inc.",Communication Services,Internet Content & Information,SELL,26.0,United States of America,Americas,Northern America,2024,11,15,4
AMD,"Advanced Micro Devices, Inc.",Technology,Semiconductors,SELL,26.0,United States of America,Americas,Northern America,2024,8,28,3
MA,Mastercard Incorporated,Financial Services,Credit Services,SELL,26.0,United States of America,Americas,Northern America,2024,1,31,1
DTRUY,DAIMLER TRUCK HLDG AG,Industrials,Farm & Heavy Construction Machinery,SELL,26.0,Germany,Europe,Western Europe,2024,2,27,1
CNH,CNH Industrial N.V.,Industrials,Farm & Heavy Construction Machinery,SELL,26.0,United Kingdom of Great Britain and Northern Ireland,Europe,Northern Europe,2024,2,12,1
CNH,CNH Industrial N.V.,Industrials,Farm & Heavy Construction Machinery,SELL,26.0,United Kingdom of Great Britain and Northern Ireland,Europe,Northern Europe,2024,2,14,1
LIN,Linde plc,Basic Materials,Specialty Chemicals,SELL,26.0,United Kingdom of Great Britain and Northern Ireland,Europe,Northern Europe,2024,1,18,1
V,Visa Inc.,Financial Services,Credit Services,SELL,26.0,United States of America,Americas,Northern America,2024,10,30,4
DTRUY,DAIMLER TRUCK HLDG AG,Industrials,Farm & Heavy Construction Machinery,SELL,26.0,Germany,Europe,Western Europe,2024,4,16,2
DTRUY,DAIMLER TRUCK HLDG AG,Industrials,Farm & Heavy Construction Machinery,SELL,26.0,Germany,Europe,Western Europe,2024,4,4,2
V,Visa Inc.,Financial Services,Credit Services,SELL,26.0,United States of America,Americas,Northern America,2024,10,22,4
LIN,Linde plc,Basic Materials,Specialty Chemicals,SELL,26.0,United Kingdom of Great Britain and Northern Ireland,Europe,Northern Europe,2024,2,12,1
EH,EHang Holdings Limited,Industrials,Aerospace & Defense,SELL,26.0,China,Asia,Eastern Asia,2024,8,12,3
V,Visa Inc.,Financial Services,Credit Services,SELL,25.0,United States of America,Americas,Northern America,2024,3,4,1
V,Visa Inc.,Financial Services,Credit Services,SELL,25.0,United States of America,Americas,Northern America,2024,8,16,3
V,Visa Inc.,Financial Services,Credit Services,SELL,25.0,United States of America,Americas,Northern America,2024,5,21,2
CB,Chubb Limited,Financial Services,Insurance - Property & Casualty,SELL,25.0,Switzerland,Europe,Western Europe,2024,9,24,3
LIN,Linde plc,Basic Materials,Specialty Chemicals,SELL,25.0,United Kingdom of Great Britain and Northern Ireland,Europe,Northern Europe,2024,2,5,1
V,Visa Inc.,Financial Services,Credit Services,SELL,25.0,United States of America,Americas,Northern America,2024,10,15,4
LIN,Linde plc,Basic Materials,Specialty Chemicals,SELL,25.0,United Kingdom of Great Britain and Northern Ireland,Europe,Northern Europe,2024,2,7,1
NVCR,NovoCure Limited,Healthcare,Medical Devices,SELL,233.0,Switzerland,Europe,Western Europe,2024,9,19,3
EH,EHang Holdings Limited,Industrials,Aerospace & Defense,SELL,222.0,China,Asia,Eastern Asia,2024,8,12,3
MA,Mastercard Incorporated,Financial Services,Credit Services,SELL,222.0,United States of America,Americas,Northern America,2024,12,3,4
CPA,"Copa Holdings, S.A.",Industrials,Airlines,SELL,222.0,Panama,Americas,Latin America and the Caribbean,2024,1,3,1
YMM,Full Truck Alliance Co. Ltd.,Technology,Software - Application,SELL,221.0,China,Asia,Eastern Asia,2024,4,1,2
V,Visa Inc.,Financial Services,Credit Services,SELL,221.0,United States of America,Americas,Northern America,2024,8,19,3
LIN,Linde plc,Basic Materials,Specialty Chemicals,SELL,217.0,United Kingdom of Great Britain and Northern Ireland,Europe,Northern Europe,2024,1,11,1
YMM,Full Truck Alliance Co. Ltd.,Technology,Software - Application,SELL,217.0,China,Asia,Eastern Asia,2024,3,11,1
YMM,Full Truck Alliance Co. Ltd.,Technology,Software - Application,SELL,215.0,China,Asia,Eastern Asia,2024,3,14,1
BKNG,Booking Holdings Inc. Common St,Consumer Cyclical,Travel Services,BUY,215.0,United States of America,Americas,Northern America,2024,2,26,1
BKNG,Booking Holdings Inc. Common St,Consumer Cyclical,Travel Services,BUY,214.0,United States of America,Americas,Northern America,2024,1,31,1
BKNG,Booking Holdings Inc. Common St,Consumer Cyclical,Travel Services,BUY,214.0,United States of America,Americas,Northern America,2024,1,24,1
BKNG,Booking Holdings Inc. Common St,Consumer Cyclical,Travel Services,BUY,202.0,United States of America,Americas,Northern America,2024,2,12,1
SLF,Sun Life Financial Inc.,Financial Services,Insurance - Diversified,BUY,202.0,Canada,Americas,Northern America,2024,4,17,2
BKNG,Booking Holdings Inc. Common St,Consumer Cyclical,Travel Services,BUY,199.0,United States of America,Americas,Northern America,2024,2,23,1
SLF,Sun Life Financial Inc.,Financial Services,Insurance - Diversified,BUY,199.0,Canada,Americas,Northern America,2024,5,2,2
ZK,ZEEKR Intelligent Technology Ho,Consumer Cyclical,Auto Manufacturers,BUY,198.0,China,Asia,Eastern Asia,2024,4,19,2
SLF,Sun Life Financial Inc.,Financial Services,Insurance - Diversified,BUY,198.0,Canada,Americas,Northern America,2024,8,2,3
LLY,Eli Lilly and Company,Healthcare,Drug Manufacturers - General,BUY,198.0,United States of America,Americas,Northern America,2024,4,1,2
CNH,CNH Industrial N.V.,Industrials,Farm & Heavy Construction Machinery,BUY,198.0,United Kingdom of Great Britain and Northern Ireland,Europe,Northern Europe,2024,5,29,2
ASML,ASML Holding N.V. - New York Re,Technology,Semiconductor Equipment & Materials,BUY,195.0,"Netherlands, Kingdom of the",Europe,Western Europe,2024,6,13,2
ASML,ASML Holding N.V. - New York Re,Technology,Semiconductor Equipment & Materials,BUY,195.0,"Netherlands, Kingdom of the",Europe,Western Europe,2024,6,26,2
BLK,"BlackRock, Inc.",Financial Services,Asset Management,BUY,190.0,United States of America,Americas,Northern America,2024,10,24,4
ZK,ZEEKR Intelligent Technology Ho,Consumer Cyclical,Auto Manufacturers,BUY,185.0,China,Asia,Eastern Asia,2024,4,17,2
CNH,CNH Industrial N.V.,Industrials,Farm & Heavy Construction Machinery,BUY,185.0,United Kingdom of Great Britain and Northern Ireland,Europe,Northern Europe,2024,5,21,2
BLK,"BlackRock, Inc.",Financial Services,Asset Management,BUY,185.0,United States of America,Americas,Northern America,2024,10,8,4
ASML,ASML Holding N.V. - New York Re,Technology,Semiconductor Equipment & Materials,BUY,177.0,"Netherlands, Kingdom of the",Europe,Western Europe,2024,3,15,1
ZK,ZEEKR Intelligent Technology Ho,Consumer Cyclical,Auto Manufacturers,BUY,177.0,China,Asia,Eastern Asia,2024,3,19,1
LLY,Eli Lilly and Company,Healthcare,Drug Manufacturers - General,BUY,155.0,United States of America,Americas,Northern America,2024,7,1,3
CNH,CNH Industrial N.V.,Industrials,Farm & Heavy Construction Machinery,BUY,155.0,United Kingdom of Great Britain and Northern Ireland,Europe,Northern Europe,2024,5,8,2
LLY,Eli Lilly and Company,Healthcare,Drug Manufacturers - General,BUY,147.0,United States of America,Americas,Northern America,2024,10,16,4
ASML,ASML Holding N.V. - New York Re,Technology,Semiconductor Equipment & Materials,BUY,147.0,"Netherlands, Kingdom of the",Europe,Western Europe,2024,4,17,2
LIN,Linde plc,Basic Materials,Specialty Chemicals,BUY,146.0,United Kingdom of Great Britain and Northern Ireland,Europe,Northern Europe,2024,5,7,2
ZK,ZEEKR Intelligent Technology Ho,Consumer Cyclical,Auto Manufacturers,BUY,146.0,China,Asia,Eastern Asia,2024,5,20,2
LIN,Linde plc,Basic Materials,Specialty Chemicals,BUY,144.0,United Kingdom of Great Britain and Northern Ireland,Europe,Northern Europe,2024,3,18,1
SLF,Sun Life Financial Inc.,Financial Services,Insurance - Diversified,BUY,144.0,Canada,Americas,Northern America,2024,4,22,2
ZK,ZEEKR Intelligent Technology Ho,Consumer Cyclical,Auto Manufacturers,BUY,136.0,China,Asia,Eastern Asia,2024,5,28,2
LLY,Eli Lilly and Company,Healthcare,Drug Manufacturers - General,BUY,136.0,United States of America,Americas,Northern America,2024,6,13,2
BLK,"BlackRock, Inc.",Financial Services,Asset Management,BUY,135.0,United States of America,Americas,Northern America,2024,8,16,3
ASML,ASML Holding N.V. - New York Re,Technology,Semiconductor Equipment & Materials,BUY,135.0,"Netherlands, Kingdom of the",Europe,Western Europe,2024,9,3,3
LLY,Eli Lilly and Company,Healthcare,Drug Manufacturers - General,BUY,135.0,United States of America,Americas,Northern America,2024,10,30,4
KNSA,"Kiniksa Pharmaceuticals, Ltd.",Healthcare,Drug Manufacturers - Specialty & Generic,BUY,135.0,United Kingdom of Great Britain and Northern Ireland,Europe,Northern Europe,2024,4,17,2
ZK,ZEEKR Intelligent Technology Ho,Consumer Cyclical,Auto Manufacturers,BUY,133.0,China,Asia,Eastern Asia,2024,6,24,2
ZK,ZEEKR Intelligent Technology Ho,Consumer Cyclical,Auto Manufacturers,BUY,133.0,China,Asia,Eastern Asia,2024,7,17,3
LLY,Eli Lilly and Company,Healthcare,Drug Manufacturers - General,BUY,132.0,United States of America,Americas,Northern America,2024,12,5,4
BWMX,"Betterware de Mexico, S.A.P.I. ",Consumer Cyclical,Specialty Retail,BUY,132.0,Mexico,Americas,Latin America and the Caribbean,2024,5,22,2
BLK,"BlackRock, Inc.",Financial Services,Asset Management,BUY,129.0,United States of America,Americas,Northern America,2024,5,20,2
SLF,Sun Life Financial Inc.,Financial Services,Insurance - Diversified,BUY,129.0,Canada,Americas,Northern America,2024,8,2,3
ZK,ZEEKR Intelligent Technology Ho,Consumer Cyclical,Auto Manufacturers,BUY,129.0,China,Asia,Eastern Asia,2024,5,10,2
LLY,Eli Lilly and Company,Healthcare,Drug Manufacturers - General,BUY,129.0,United States of America,Americas,Northern America,2024,5,22,2
ZK,ZEEKR Intelligent Technology Ho,Consumer Cyclical,Auto Manufacturers,BUY,128.0,China,Asia,Eastern Asia,2024,5,9,2
ZK,ZEEKR Intelligent Technology Ho,Consumer Cyclical,Auto Manufacturers,BUY,128.0,China,Asia,Eastern Asia,2024,9,6,3
LLY,Eli Lilly and Company,Healthcare,Drug Manufacturers - General,BUY,125.0,United States of America,Americas,Northern America,2024,2,16,1
BLK,"BlackRock, Inc.",Financial Services,Asset Management,BUY,123.0,United States of America,Americas,Northern America,2024,5,28,2
ZK,ZEEKR Intelligent Technology Ho,Consumer Cyclical,Auto Manufacturers,BUY,123.0,China,Asia,Eastern Asia,2024,6,7,2
ZK,ZEEKR Intelligent Technology Ho,Consumer Cyclical,Auto Manufacturers,BUY,122.0,China,Asia,Eastern Asia,2024,7,24,3
LLY,Eli Lilly and Company,Healthcare,Drug Manufacturers - General,BUY,122.0,United States of America,Americas,Northern America,2024,2,20,1
ZK,ZEEKR Intelligent Technology Ho,Consumer Cyclical,Auto Manufacturers,BUY,115.0,China,Asia,Eastern Asia,2024,5,1,2
ZK,ZEEKR Intelligent Technology Ho,Consumer Cyclical,Auto Manufacturers,BUY,115.0,China,Asia,Eastern Asia,2024,2,9,1
ASML,ASML Holding N.V. - New York Re,Technology,Semiconductor Equipment & Materials,BUY,107.0,"Netherlands, Kingdom of the",Europe,Western Europe,2024,3,8,1
ZK,ZEEKR Intelligent Technology Ho,Consumer Cyclical,Auto Manufacturers,BUY,107.0,China,Asia,Eastern Asia,2024,7,24,3
ZK,ZEEKR Intelligent Technology Ho,Consumer Cyclical,Auto Manufacturers,BUY,103.0,China,Asia,Eastern Asia,2024,7,24,3
ASML,ASML Holding N.V. - New York Re,Technology,Semiconductor Equipment & Materials,BUY,101.0,"Netherlands, Kingdom of the",Europe,Western Europe,2024,4,4,2
IMAX,Imax Corporation,Communication Services,Entertainment,BUY,101.0,Canada,Americas,Northern America,2024,7,17,3
SMNEY,Siemens Energy AG,Industrials,Specialty Industrial Machinery,BUY,101.0,Germany,Europe,Western Europe,2024,12,9,4
IMAX,Imax Corporation,Communication Services,Entertainment,BUY,101.0,Canada,Americas,Northern America,2024,4,9,2
SMNEY,Siemens Energy AG,Industrials,Specialty Industrial Machinery,BUY,96.0,Germany,Europe,Western Europe,2024,12,10,4
IMAX,Imax Corporation,Communication Services,Entertainment,BUY,96.0,Canada,Americas,Northern America,2024,2,26,1
LLY,Eli Lilly and Company,Healthcare,Drug Manufacturers - General,BUY,93.0,United States of America,Americas,Northern America,2024,8,16,3
ZK,ZEEKR Intelligent Technology Ho,Consumer Cyclical,Auto Manufacturers,BUY,93.0,China,Asia,Eastern Asia,2024,8,2,3
ZK,ZEEKR Intelligent Technology Ho,Consumer Cyclical,Auto Manufacturers,BUY,93.0,China,Asia,Eastern Asia,2024,4,12,2
META,"Meta Platforms, Inc.",Communication Services,Internet Content & Information,BUY,92.0,United States of America,Americas,Northern America,2024,10,8,4
KNSA,"Kiniksa Pharmaceuticals, Ltd.",Healthcare,Drug Manufacturers - Specialty & Generic,BUY,92.0,United Kingdom of Great Britain and Northern Ireland,Europe,Northern Europe,2024,4,12,2
ZK,ZEEKR Intelligent Technology Ho,Consumer Cyclical,Auto Manufacturers,BUY,92.0,China,Asia,Eastern Asia,2024,4,9,2
ZK,ZEEKR Intelligent Technology Ho,Consumer Cyclical,Auto Manufacturers,BUY,91.0,China,Asia,Eastern Asia,2024,3,13,1
KNSA,"Kiniksa Pharmaceuticals, Ltd.",Healthcare,Drug Manufacturers - Specialty & Generic,BUY,91.0,United Kingdom of Great Britain and Northern Ireland,Europe,Northern Europe,2024,4,5,2
BWMX,"Betterware de Mexico, S.A.P.I. ",Consumer Cyclical,Specialty Retail,BUY,91.0,Mexico,Americas,Latin America and the Caribbean,2024,4,5,2
ZK,ZEEKR Intelligent Technology Ho,Consumer Cyclical,Auto Manufacturers,BUY,91.0,China,Asia,Eastern Asia,2024,3,6,1
ZK,ZEEKR Intelligent Technology Ho,Consumer Cyclical,Auto Manufacturers,BUY,91.0,China,Asia,Eastern Asia,2024,3,12,1
ZK,ZEEKR Intelligent Technology Ho,Consumer Cyclical,Auto Manufacturers,BUY,91.0,China,Asia,Eastern Asia,2024,2,27,1
EH,EHang Holdings Limited,Industrials,Aerospace & Defense,BUY,87.0,China,Asia,Eastern Asia,2024,3,14,1
EH,EHang Holdings Limited,Industrials,Aerospace & Defense,BUY,87.0,China,Asia,Eastern Asia,2024,3,8,1
SMNEY,Siemens Energy AG,Industrials,Specialty Industrial Machinery,BUY,84.0,Germany,Europe,Western Europe,2024,5,7,2
EH,EHang Holdings Limited,Industrials,Aerospace & Defense,BUY,84.0,China,Asia,Eastern Asia,2024,3,7,1
META,"Meta Platforms, Inc.",Communication Services,Internet Content & Information,BUY,84.0,United States of America,Americas,Northern America,2024,10,31,4
EH,EHang Holdings Limited,Industrials,Aerospace & Defense,BUY,84.0,China,Asia,Eastern Asia,2024,3,14,1
KNSA,"Kiniksa Pharmaceuticals, Ltd.",Healthcare,Drug Manufacturers - Specialty & Generic,BUY,83.0,United Kingdom of Great Britain and Northern Ireland,Europe,Northern Europe,2024,4,26,2
KNSA,"Kiniksa Pharmaceuticals, Ltd.",Healthcare,Drug Manufacturers - Specialty & Generic,BUY,83.0,United Kingdom of Great Britain and Northern Ireland,Europe,Northern Europe,2024,4,9,2
LLY,Eli Lilly and Company,Healthcare,Drug Manufacturers - General,BUY,82.0,United States of America,Americas,Northern America,2024,11,12,4
BWMX,"Betterware de Mexico, S.A.P.I. ",Consumer Cyclical,Specialty Retail,BUY,82.0,Mexico,Americas,Latin America and the Caribbean,2024,10,16,4
SMNEY,Siemens Energy AG,Industrials,Specialty Industrial Machinery,BUY,82.0,Germany,Europe,Western Europe,2024,7,17,3
EH,EHang Holdings Limited,Industrials,Aerospace & Defense,BUY,81.0,China,Asia,Eastern Asia,2024,3,4,1
MSFT,Microsoft Corporation,Technology,Software - Infrastructure,BUY,81.0,United States of America,Americas,Northern America,2024,4,4,2
BLK,"BlackRock, Inc.",Financial Services,Asset Management,BUY,80.0,United States of America,Americas,Northern America,2024,4,5,2
SMNEY,Siemens Energy AG,Industrials,Specialty Industrial Machinery,BUY,80.0,Germany,Europe,Western Europe,2024,10,10,4
EH,EHang Holdings Limited,Industrials,Aerospace & Defense,BUY,75.0,China,Asia,Eastern Asia,2024,3,11,1
SPOT,Spotify Technology S.A.,Communication Services,Internet Content & Information,BUY,75.0,Luxembourg,Europe,Western Europe,2024,4,1,2
KNSA,"Kiniksa Pharmaceuticals, Ltd.",Healthcare,Drug Manufacturers - Specialty & Generic,BUY,74.0,United Kingdom of Great Britain and Northern Ireland,Europe,Northern Europe,2024,2,27,1
LLY,Eli Lilly and Company,Healthcare,Drug Manufacturers - General,BUY,74.0,United States of America,Americas,Northern America,2024,3,5,1
IMAX,Imax Corporation,Communication Services,Entertainment,BUY,73.0,Canada,Americas,Northern America,2024,3,8,1
BLK,"BlackRock, Inc.",Financial Services,Asset Management,BUY,73.0,United States of America,Americas,Northern America,2024,11,19,4
EH,EHang Holdings Limited,Industrials,Aerospace & Defense,BUY,71.0,China,Asia,Eastern Asia,2024,3,5,1
BLK,"BlackRock, Inc.",Financial Services,Asset Management,BUY,71.0,United States of America,Americas,Northern America,2024,4,12,2
LLY,Eli Lilly and Company,Healthcare,Drug Manufacturers - General,BUY,69.0,United States of America,Americas,Northern America,2024,4,5,2
SMNEY,Siemens Energy AG,Industrials,Specialty Industrial Machinery,BUY,69.0,Germany,Europe,Western Europe,2024,2,22,1
SMNEY,Siemens Energy AG,Industrials,Specialty Industrial Machinery,BUY,68.0,Germany,Europe,Western Europe,2024,6,14,2
EH,EHang Holdings Limited,Industrials,Aerospace & Defense,BUY,68.0,China,Asia,Eastern Asia,2024,3,5,1
LLY,Eli Lilly and Company,Healthcare,Drug Manufacturers - General,BUY,67.0,United States of America,Americas,Northern America,2024,3,19,1
IMAX,Imax Corporation,Communication Services,Entertainment,BUY,67.0,Canada,Americas,Northern America,2024,3,8,1
META,"Meta Platforms, Inc.",Communication Services,Internet Content & Information,BUY,63.0,United States of America,Americas,Northern America,2024,6,12,2
LLY,Eli Lilly and Company,Healthcare,Drug Manufacturers - General,BUY,63.0,United States of America,Americas,Northern America,2024,4,9,2
BLK,"BlackRock, Inc.",Financial Services,Asset Management,SELL,62.0,United States of America,Americas,Northern America,2024,1,22,1
BKNG,Booking Holdings Inc. Common St,Consumer Cyclical,Travel Services,SELL,62.0,United States of America,Americas,Northern America,2024,3,25,1
BKNG,Booking Holdings Inc. Common St,Consumer Cyclical,Travel Services,SELL,62.0,United States of America,Americas,Northern America,2024,2,9,1
BKNG,Booking Holdings Inc. Common St,Consumer Cyclical,Travel Services,SELL,62.0,United States of America,Americas,Northern America,2024,1,31,1
BKNG,Booking Holdings Inc. Common St,Consumer Cyclical,Travel Services,SELL,61.0,United States of America,Americas,Northern America,2024,2,23,1
WB,Weibo Corporation,Communication Services,Internet Content & Information,SELL,61.0,China,Asia,Eastern Asia,2024,5,23,2
BKNG,Booking Holdings Inc. Common St,Consumer Cyclical,Travel Services,SELL,60.0,United States of America,Americas,Northern America,2024,2,26,1
WB,Weibo Corporation,Communication Services,Internet Content & Information,SELL,60.0,China,Asia,Eastern Asia,2024,5,7,2
ATHM,Autohome Inc.,Communication Services,Internet Content & Information,SELL,60.0,China,Asia,Eastern Asia,2024,4,25,2
WB,Weibo Corporation,Communication Services,Internet Content & Information,SELL,60.0,China,Asia,Eastern Asia,2024,8,8,3
LLY,Eli Lilly and Company,Healthcare,Drug Manufacturers - General,SELL,60.0,United States of America,Americas,Northern America,2024,4,4,2
SEDG,"SolarEdge Technologies, Inc.",Technology,Solar,SELL,60.0,Israel,Asia,Western Asia,2024,2,6,1
LIN,Linde plc,Basic Materials,Specialty Chemicals,SELL,58.0,United Kingdom of Great Britain and Northern Ireland,Europe,Northern Europe,2024,6,6,2
ASML,ASML Holding N.V. - New York Re,Technology,Semiconductor Equipment & Materials,SELL,58.0,"Netherlands, Kingdom of the",Europe,Western Europe,2024,6,20,2
ASML,ASML Holding N.V. - New York Re,Technology,Semiconductor Equipment & Materials,SELL,58.0,"Netherlands, Kingdom of the",Europe,Western Europe,2024,7,9,3
BLK,"BlackRock, Inc.",Financial Services,Asset Management,SELL,58.0,United States of America,Americas,Northern America,2024,11,13,4
ATHM,Autohome Inc.,Communication Services,Internet Content & Information,SELL,58.0,China,Asia,Eastern Asia,2024,7,24,3
LIN,Linde plc,Basic Materials,Specialty Chemicals,SELL,58.0,United Kingdom of Great Britain and Northern Ireland,Europe,Northern Europe,2024,5,23,2
BLK,"BlackRock, Inc.",Financial Services,Asset Management,SELL,58.0,United States of America,Americas,Northern America,2024,10,22,4
ASML,ASML Holding N.V. - New York Re,Technology,Semiconductor Equipment & Materials,SELL,58.0,"Netherlands, Kingdom of the",Europe,Western Europe,2024,3,18,1
ATHM,Autohome Inc.,Communication Services,Internet Content & Information,SELL,58.0,China,Asia,Eastern Asia,2024,3,20,1
LLY,Eli Lilly and Company,Healthcare,Drug Manufacturers - General,SELL,58.0,United States of America,Americas,Northern America,2024,8,12,3
LIN,Linde plc,Basic Materials,Specialty Chemicals,SELL,57.0,United Kingdom of Great Britain and Northern Ireland,Europe,Northern Europe,2024,5,17,2
LLY,Eli Lilly and Company,Healthcare,Drug Manufacturers - General,SELL,57.0,United States of America,Americas,Northern America,2024,10,30,4
ASML,ASML Holding N.V. - New York Re,Technology,Semiconductor Equipment & Materials,SELL,56.0,"Netherlands, Kingdom of the",Europe,Western Europe,2024,4,24,2
LIN,Linde plc,Basic Materials,Specialty Chemicals,SELL,56.0,United Kingdom of Great Britain and Northern Ireland,Europe,Northern Europe,2024,5,7,2
ATHM,Autohome Inc.,Communication Services,Internet Content & Information,SELL,56.0,China,Asia,Eastern Asia,2024,5,21,2
LIN,Linde plc,Basic Materials,Specialty Chemicals,SELL,56.0,United Kingdom of Great Britain and Northern Ireland,Europe,Northern Europe,2024,3,19,1
WB,Weibo Corporation,Communication Services,Internet Content & Information,SELL,56.0,China,Asia,Eastern Asia,2024,4,24,2
ATHM,Autohome Inc.,Communication Services,Internet Content & Information,SELL,56.0,China,Asia,Eastern Asia,2024,7,8,3
LLY,Eli Lilly and Company,Healthcare,Drug Manufacturers - General,SELL,56.0,United States of America,Americas,Northern America,2024,6,28,2
BLK,"BlackRock, Inc.",Financial Services,Asset Management,SELL,56.0,United States of America,Americas,Northern America,2024,9,20,3
ASML,ASML Holding N.V. - New York Re,Technology,Semiconductor Equipment & Materials,SELL,56.0,"Netherlands, Kingdom of the",Europe,Western Europe,2024,10,15,4
LLY,Eli Lilly and Company,Healthcare,Drug Manufacturers - General,SELL,56.0,United States of America,Americas,Northern America,2024,11,1,4
LIN,Linde plc,Basic Materials,Specialty Chemicals,SELL,56.0,United Kingdom of Great Britain and Northern Ireland,Europe,Northern Europe,2024,4,24,2
ATHM,Autohome Inc.,Communication Services,Internet Content & Information,SELL,56.0,China,Asia,Eastern Asia,2024,6,28,2
ATHM,Autohome Inc.,Communication Services,Internet Content & Information,SELL,55.0,China,Asia,Eastern Asia,2024,7,24,3
LLY,Eli Lilly and Company,Healthcare,Drug Manufacturers - General,SELL,55.0,United States of America,Americas,Northern America,2024,12,10,4
BWMX,"Betterware de Mexico, S.A.P.I. ",Consumer Cyclical,Specialty Retail,SELL,55.0,Mexico,Americas,Latin America and the Caribbean,2024,10,16,4
BLK,"BlackRock, Inc.",Financial Services,Asset Management,SELL,55.0,United States of America,Americas,Northern America,2024,7,24,3
WB,Weibo Corporation,Communication Services,Internet Content & Information,SELL,55.0,China,Asia,Eastern Asia,2024,8,8,3
ATHM,Autohome Inc.,Communication Services,Internet Content & Information,SELL,55.0,China,Asia,Eastern Asia,2024,5,14,2
LLY,Eli Lilly and Company,Healthcare,Drug Manufacturers - General,SELL,55.0,United States of America,Americas,Northern America,2024,6,12,2
ATHM,Autohome Inc.,Communication Services,Internet Content & Information,SELL,55.0,China,Asia,Eastern Asia,2024,5,10,2
ATHM,Autohome Inc.,Communication Services,Internet Content & Information,SELL,54.0,China,Asia,Eastern Asia,2024,9,27,3
LLY,Eli Lilly and Company,Healthcare,Drug Manufacturers - General,SELL,54.0,United States of America,Americas,Northern America,2024,2,20,1
BLK,"BlackRock, Inc.",Financial Services,Asset Management,SELL,53.0,United States of America,Americas,Northern America,2024,7,24,3
ATHM,Autohome Inc.,Communication Services,Internet Content & Information,SELL,53.0,China,Asia,Eastern Asia,2024,6,14,2
ATHM,Autohome Inc.,Communication Services,Internet Content & Information,SELL,53.0,China,Asia,Eastern Asia,2024,8,7,3
LLY,Eli Lilly and Company,Healthcare,Drug Manufacturers - General,SELL,53.0,United States of America,Americas,Northern America,2024,3,5,1
ATHM,Autohome Inc.,Communication Services,Internet Content & Information,SELL,52.0,China,Asia,Eastern Asia,2024,5,7,2
SEDG,"SolarEdge Technologies, Inc.",Technology,Solar,SELL,52.0,Israel,Asia,Western Asia,2024,2,6,1
ATHM,Autohome Inc.,Communication Services,Internet Content & Information,SELL,52.0,China,Asia,Eastern Asia,2024,2,9,1
ASML,ASML Holding N.V. - New York Re,Technology,Semiconductor Equipment & Materials,SELL,52.0,"Netherlands, Kingdom of the",Europe,Western Europe,2024,3,11,1
ATHM,Autohome Inc.,Communication Services,Internet Content & Information,SELL,52.0,China,Asia,Eastern Asia,2024,8,7,3
ATHM,Autohome Inc.,Communication Services,Internet Content & Information,SELL,51.0,China,Asia,Eastern Asia,2024,9,26,3
ASML,ASML Holding N.V. - New York Re,Technology,Semiconductor Equipment & Materials,SELL,51.0,"Netherlands, Kingdom of the",Europe,Western Europe,2024,4,4,2
WB,Weibo Corporation,Communication Services,Internet Content & Information,SELL,50.0,China,Asia,Eastern Asia,2024,8,2,3
DTRUY,DAIMLER TRUCK HLDG AG,Industrials,Farm & Heavy Construction Machinery,SELL,50.0,Germany,Europe,Western Europe,2024,12,10,4
WB,Weibo Corporation,Communication Services,Internet Content & Information,SELL,50.0,China,Asia,Eastern Asia,2024,4,16,2
SEDG,"SolarEdge Technologies, Inc.",Technology,Solar,SELL,50.0,Israel,Asia,Western Asia,2024,2,6,1
WB,Weibo Corporation,Communication Services,Internet Content & Information,SELL,50.0,China,Asia,Eastern Asia,2024,2,28,1
LLY,Eli Lilly and Company,Healthcare,Drug Manufacturers - General,SELL,50.0,United States of America,Americas,Northern America,2024,9,27,3
ATHM,Autohome Inc.,Communication Services,Internet Content & Information,SELL,50.0,China,Asia,Eastern Asia,2024,9,6,3
INFY,Infosys Limited,Technology,Information Technology Services,SELL,50.0,India,Asia,Southern Asia,2024,4,17,2
META,"Meta Platforms, Inc.",Communication Services,Internet Content & Information,SELL,49.0,United States of America,Americas,Northern America,2024,11,4,4
LIN,Linde plc,Basic Materials,Specialty Chemicals,SELL,49.0,United Kingdom of Great Britain and Northern Ireland,Europe,Northern Europe,2024,4,17,2
INFY,Infosys Limited,Technology,Information Technology Services,SELL,49.0,India,Asia,Southern Asia,2024,4,12,2
INFY,Infosys Limited,Technology,Information Technology Services,SELL,49.0,India,Asia,Southern Asia,2024,3,13,1
LIN,Linde plc,Basic Materials,Specialty Chemicals,SELL,48.0,United Kingdom of Great Britain and Northern Ireland,Europe,Northern Europe,2024,4,9,2
BWMX,"Betterware de Mexico, S.A.P.I. ",Consumer Cyclical,Specialty Retail,SELL,48.0,Mexico,Americas,Latin America and the Caribbean,2024,4,16,2
INFY,Infosys Limited,Technology,Information Technology Services,SELL,48.0,India,Asia,Southern Asia,2024,3,6,1
INFY,Infosys Limited,Technology,Information Technology Services,SELL,48.0,India,Asia,Southern Asia,2024,3,12,1
INFY,Infosys Limited,Technology,Information Technology Services,SELL,48.0,India,Asia,Southern Asia,2024,2,28,1
INFY,Infosys Limited,Technology,Information Technology Services,SELL,48.0,India,Asia,Southern Asia,2024,3,14,1
INFY,Infosys Limited,Technology,Information Technology Services,SELL,47.0,India,Asia,Southern Asia,2024,3,11,1
DTRUY,DAIMLER TRUCK HLDG AG,Industrials,Farm & Heavy Construction Machinery,SELL,47.0,Germany,Europe,Western Europe,2024,5,8,2
INFY,Infosys Limited,Technology,Information Technology Services,SELL,47.0,India,Asia,Southern Asia,2024,3,8,1
META,"Meta Platforms, Inc.",Communication Services,Internet Content & Information,SELL,47.0,United States of America,Americas,Northern America,2024,11,8,4
INFY,Infosys Limited,Technology,Information Technology Services,SELL,46.0,India,Asia,Southern Asia,2024,3,18,1
LIN,Linde plc,Basic Materials,Specialty Chemicals,SELL,46.0,United Kingdom of Great Britain and Northern Ireland,Europe,Northern Europe,2024,4,26,2
LIN,Linde plc,Basic Materials,Specialty Chemicals,SELL,46.0,United Kingdom of Great Britain and Northern Ireland,Europe,Northern Europe,2024,4,12,2
LLY,Eli Lilly and Company,Healthcare,Drug Manufacturers - General,SELL,46.0,United States of America,Americas,Northern America,2024,11,14,4
BWMX,"Betterware de Mexico, S.A.P.I. ",Consumer Cyclical,Specialty Retail,SELL,46.0,Mexico,Americas,Latin America and the Caribbean,2024,10,21,4
DTRUY,DAIMLER TRUCK HLDG AG,Industrials,Farm & Heavy Construction Machinery,SELL,46.0,Germany,Europe,Western Europe,2024,8,13,3
INFY,Infosys Limited,Technology,Information Technology Services,SELL,46.0,India,Asia,Southern Asia,2024,3,4,1
MSFT,Microsoft Corporation,Technology,Software - Infrastructure,SELL,46.0,United States of America,Americas,Northern America,2024,4,4,2
BLK,"BlackRock, Inc.",Financial Services,Asset Management,SELL,46.0,United States of America,Americas,Northern America,2024,4,12,2
DTRUY,DAIMLER TRUCK HLDG AG,Industrials,Farm & Heavy Construction Machinery,SELL,45.0,Germany,Europe,Western Europe,2024,10,31,4
INFY,Infosys Limited,Technology,Information Technology Services,SELL,45.0,India,Asia,Southern Asia,2024,3,12,1
SPOT,Spotify Technology S.A.,Communication Services,Internet Content & Information,SELL,45.0,Luxembourg,Europe,Western Europe,2024,4,2,2
LIN,Linde plc,Basic Materials,Specialty Chemicals,SELL,45.0,United Kingdom of Great Britain and Northern Ireland,Europe,Northern Europe,2024,3,1,1
LLY,Eli Lilly and Company,Healthcare,Drug Manufacturers - General,SELL,45.0,United States of America,Americas,Northern America,2024,3,11,1
WB,Weibo Corporation,Communication Services,Internet Content & Information,SELL,45.0,China,Asia,Eastern Asia,2024,3,8,1
BLK,"BlackRock, Inc.",Financial Services,Asset Management,SELL,45.0,United States of America,Americas,Northern America,2024,12,20,4
INFY,Infosys Limited,Technology,Information Technology Services,SELL,45.0,India,Asia,Southern Asia,2024,3,6,1
BLK,"BlackRock, Inc.",Financial Services,Asset Management,SELL,45.0,United States of America,Americas,Northern America,2024,5,17,2
LLY,Eli Lilly and Company,Healthcare,Drug Manufacturers - General,SELL,45.0,United States of America,Americas,Northern America,2024,4,9,2
DTRUY,DAIMLER TRUCK HLDG AG,Industrials,Farm & Heavy Construction Machinery,SELL,45.0,Germany,Europe,Western Europe,2024,2,22,1
DTRUY,DAIMLER TRUCK HLDG AG,Industrials,Farm & Heavy Construction Machinery,SELL,45.0,Germany,Europe,Western Europe,2024,6,18,2
INFY,Infosys Limited,Technology,Information Technology Services,SELL,45.0,India,Asia,Southern Asia,2024,3,5,1
LLY,Eli Lilly and Company,Healthcare,Drug Manufacturers - General,SELL,45.0,United States of America,Americas,Northern America,2024,4,4,2
WB,Weibo Corporation,Communication Services,Internet Content & Information,SELL,45.0,China,Asia,Eastern Asia,2024,3,11,1
META,"Meta Platforms, Inc.",Communication Services,Internet Content & Information,SELL,45.0,United States of America,Americas,Northern America,2024,8,1,3
LLY,Eli Lilly and Company,Healthcare,Drug Manufacturers - General,SELL,45.0,United States of America,Americas,Northern America,2024,4,19,2
